target,alpha,beta
0,-222.14329,65.63022
0,-280.14038,-169.79952
0,-98.81017,-117.55219
0,50.92462,-0.91624
0,-262.87892,353.22414
1,527.71577,6.09109
0,-172.24137,296.76568
0,-219.09059,-481.75998
1,386.09557,-144.16597
0,-284.19491,-201.1119
0,106.02609,-250.81121
1,429.21745,-158.02558
0,-62.74981,141.26403
1,466.56238,-141.62784
0,-287.80371,-260.14908
0,-207.08106,-218.37973
0,-155.59146,109.4267
0,12.46839,259.9477
1,401.29239,-127.58104
0,-274.55573,-205.77094
1,583.17563,-154.02453
0,-201.723,-69.91101
0,-81.90351,-6.9845
1,543.99655,-1.92748
0,-277.14766,119.56381
0,-179.03991,-62.44669
0,-337.76474,-229.98578
0,-300.6,-168.47823
0,-314.03607,67.61313
0,-316.66172,-261.69188
0,-315.36174,-126.25202
0,-209.97881,41.08498
0,-181.28966,43.59933
0,-176.17144,63.98072
0,-259.69275,-235.99391
1,471.10866,-57.47537
1,609.35268,139.86981
1,191.87828,-27.93387
0,-250.28725,58.40075
0,-265.49508,189.39465
1,537.77436,-99.13644
0,-292.49911,-68.49476
1,281.81563,177.30356
0,-172.60582,368.74121
0,-160.51085,317.82811
0,-79.14256,-23.82481
1,579.84009,10.3262
0,-294.20003,-132.97469
1,379.12721,-0.61008
0,-184.38664,-60.94782
0,-141.60315,458.7729
0,-171.00353,-57.83497
0,-248.11692,-273.33453
0,53.49945,-133.5037
1,645.17462,56.32756
0,-135.03864,52.45778
1,312.33912,-255.04607
0,-192.83042,49.45887
0,-108.05118,45.1402
0,-199.81015,236.78572
1,530.19102,-29.76792
0,-111.79927,66.69589
0,-251.04427,13.57936
0,89.76686,37.43049
0,-178.02646,-178.95781
1,501.46932,56.25404
0,-290.96852,-51.95393
0,-283.1007,137.02164
0,-315.38439,-172.31054
0,-105.70255,284.9147
1,185.46022,97.03004
1,444.68694,-163.39659
1,598.50902,-43.10995
0,-290.63098,-124.98065
0,-180.40958,-82.30387
0,-259.4828,-101.16963
0,-289.33901,-30.87976
1,456.62876,-41.09057
0,-202.29505,50.68001
0,-267.84261,121.83888
0,-246.91871,-335.85937
1,423.28234,36.47717
1,589.81893,-7.23753
0,-137.87089,206.35504
0,-100.73066,-8.34989
0,-112.66303,403.29665
0,-129.28435,-66.61309
0,-276.32908,-264.72994
0,-234.95805,-151.26798
0,-310.17906,-298.98542
1,413.87342,-275.03031
1,321.49104,-161.01079
1,562.14921,-39.78757
1,478.07034,-223.86713
1,651.87619,128.56913
1,502.49816,105.45849
0,-261.59799,150.22033
0,-155.06943,-114.05489
1,545.95291,-94.87057
0,-209.94548,259.7251
0,-115.99919,151.79581
0,-195.98679,166.1059
0,-40.97484,352.13291
1,501.35196,-160.81568
1,441.45366,-25.18434
0,-188.261,-128.65508
0,-238.70498,16.96358
1,662.55547,53.92495
0,-258.73219,325.24021
0,-136.48233,-22.98212
0,-180.23718,-176.27943
0,-271.08134,-168.3407
0,-123.42818,-8.07762
1,357.18489,-223.63852
1,395.54121,-213.84483
0,-8.37991,349.74088
0,-57.22336,115.16957
1,654.58182,-68.82903
0,-126.15903,-35.23632
0,-287.87934,-121.8918
0,-157.05715,177.7508
0,-237.95875,119.55932
1,612.71974,64.30617
1,642.2569,139.1885
1,596.40387,97.97445
0,-264.77699,48.36281
1,662.6006,106.39938
0,-111.9367,305.04766
0,-309.32501,-368.37584
0,-136.89741,133.15965
0,-240.40152,-263.40665
0,-179.93978,-114.93541
0,-260.59912,-76.07634
0,-270.88727,-354.46138
0,74.03603,-54.72517
0,-194.35077,414.77672
0,-266.34773,82.34608
0,-258.03768,-302.27637
1,556.067,156.58993
0,-138.86866,-109.64979
0,-276.75971,-170.64872
0,-81.40644,289.28845
0,-294.95535,-275.37525
1,579.24453,-157.50013
0,-225.03572,72.04757
0,-45.51589,181.96352
1,557.9665,6.89045
0,-164.26768,-34.38573
1,476.97378,-42.743
0,-210.90529,-88.66896
0,-212.42142,275.10016
0,-313.45616,120.31187
0,-127.97726,310.02581
0,-224.24148,325.7435
0,-203.30038,33.30703
0,125.32846,180.54965
0,-288.86564,-221.3923
0,-151.48094,-49.76161
1,286.81356,-65.07774
0,-257.82331,-70.20148
1,261.02081,-98.00738
1,659.06658,21.35041
0,-270.03042,-179.3326
1,572.81381,84.65182
1,391.24798,-148.69267
0,-217.47639,-118.35631
1,495.24106,35.05747
1,402.73102,-222.85338
0,-189.87506,-102.99272
1,453.23468,-30.30966
0,-264.31423,-221.39013
0,-282.98486,-279.56523
0,-254.43789,-189.60934
0,-149.2278,-63.00669
0,-196.23425,-104.28902
0,-200.19796,207.11642
0,-286.0053,-115.06128
0,-312.63112,-108.29255
1,501.46522,-76.31799
0,-220.05083,454.31999
0,-189.66692,-236.98223
1,337.00372,-293.06794
0,-191.24113,301.74242
0,-373.42901,-185.34809
0,-75.15937,-293.88314
1,417.08232,-201.82468
1,141.80324,-291.27487
0,-257.89588,-111.62013
0,-135.04576,318.83512
0,-153.70332,498.71376
0,-200.00947,-164.823
0,-313.70715,-301.57618
1,558.44086,281.24804
0,-190.51695,-109.03264
1,453.16955,-3.12588
1,568.3374,63.6051
0,-155.85925,238.57494
0,-324.61505,115.65088
1,671.62939,-48.17261
0,-289.75149,-198.65001
0,-295.81957,-140.99144
0,-210.1988,215.47857
0,-213.3879,-130.85563
1,500.38676,-208.40921
0,-225.7457,-148.39821
0,-201.48806,230.37624
0,-286.14074,-168.69679
0,-317.45421,-176.95592
0,-189.48932,29.8577
0,-258.13985,-195.40663
0,-226.38162,-56.21571
0,-331.56216,12.29639
1,368.47156,-102.7913
0,-226.30229,188.65149
0,-264.09867,151.27742
0,-118.73815,247.24682
0,-343.25476,-118.10603
0,-195.78922,-0.17842
1,184.15149,-374.89807
1,369.70705,150.51843
1,365.64199,-150.98175
1,580.12691,67.65941
1,517.2336,-291.60877
0,-103.69978,4.87655
0,-226.88105,305.43425
1,391.24798,-148.69267
1,650.94939,178.27609
0,-309.04072,-251.81545
1,422.04208,307.51534
0,166.08419,108.05706
1,378.411,-82.62562
1,366.19316,-39.76136
0,-136.88397,232.83097
1,556.74517,-14.68262
0,-100.00061,411.69926
0,-149.41683,202.09992
1,622.64111,15.34087
0,-287.50796,-173.27274
0,-167.8534,53.7795
0,-113.40023,-77.23677
0,-22.94674,-54.21329
0,-132.98873,-93.71255
1,580.0197,188.02905
1,479.44765,176.03402
1,563.40701,-69.34402
0,-120.3396,324.2689
0,-223.46304,-25.72352
0,-187.10128,-140.13868
1,580.0197,188.02905
1,340.04402,-29.5637
0,-154.56979,418.71162
0,-62.946,263.20428
1,445.98351,30.98903
0,-67.04771,-49.46269
0,109.62091,-198.36715
0,-103.90292,262.94668
1,326.52148,-78.72639
0,-141.67283,-56.69222
1,391.65538,-333.01022
0,-197.76306,-225.95446
1,370.45262,32.88302
1,283.57757,22.60896
0,-196.52544,24.06921
1,764.8077,0.64272
1,458.82688,-130.82065
0,-233.22352,-49.7058
1,384.90807,-314.26494
0,-279.80582,158.17676
1,286.221,-9.28494
0,-125.12345,-68.16034
0,-145.39487,283.10665
0,-266.26443,-2.74334
0,-148.53244,65.24132
1,205.35457,120.96852
0,-153.20598,-138.72511
0,-171.04968,89.06159
0,-259.14584,-79.43443
0,51.41539,152.10076
0,-135.74654,550.22908
0,-235.47925,-107.70494
0,-228.91485,-33.21563
0,-120.41514,334.82698
0,-85.17148,39.47435
0,-215.39962,-164.98863
0,-274.2702,-266.0277
0,-188.03716,61.15899
1,674.03336,45.48358
0,-226.98477,-95.95965
0,-104.40815,406.4468
0,-94.58935,378.44163
0,-262.78613,-438.15665
0,-119.70242,-19.0931
0,-253.81232,-119.76124
1,449.52961,-26.9607
1,599.14495,11.50515
0,-287.79819,-284.98671
0,-202.09364,-69.47838
0,-123.38381,-19.91138
0,-155.80986,450.13527
0,-208.29082,-69.45313
1,398.2699,-159.1841
0,-278.90175,-13.48744
0,-249.3371,-235.60985
0,-11.01772,461.93415
0,-233.22633,272.25871
0,-204.44609,-142.94201
1,355.243,-66.47709
0,-76.40011,-38.96265
0,-246.07861,-160.67801
0,-60.64161,-165.45113
1,519.20034,-144.29141
0,-197.84845,85.56738
0,-304.44367,-210.38782
0,-191.10574,-114.74166
1,279.96329,-314.75415
0,-95.78953,85.38476
0,-288.3808,-282.57569
0,-169.55668,337.96376
1,407.75037,-40.1051
0,-246.40513,78.74308
0,-203.7725,160.36625
1,454.42117,-193.87505
0,-201.74738,233.50797
1,214.42255,-121.43107
1,486.6338,165.31121
0,-174.24531,340.68362
0,-175.9851,319.21512
0,-169.29668,203.64166
0,-320.06674,-258.21631
0,-334.7028,-204.279
0,-302.46118,-312.90675
0,-293.05088,-61.26712
0,-87.31117,-28.78842
0,-223.02498,-2.40751
0,128.01303,293.98729
0,-245.99991,38.34091
0,-171.35497,450.66299
0,-231.70474,257.67398
0,-227.08118,-28.29695
0,-319.61364,-93.98445
0,-258.48784,-28.57736
1,563.52586,-275.38535
1,274.33766,-101.74197
0,-371.77623,38.03173
0,-215.76701,253.04104
0,-184.14436,424.02104
1,440.67757,155.39465
0,-188.77553,44.44968
0,-294.86314,-39.62631
0,-104.62571,105.1441
0,-227.13201,-367.30092
0,-83.79105,-20.25796
0,-296.6703,-32.88794
0,-242.95319,296.53847
0,-250.79511,-34.99834
1,189.0748,-86.14771
0,-262.14609,-125.44346
1,566.68682,-108.86508
0,-185.29132,-145.70556
0,-322.50053,-124.92363
0,-108.64962,425.00501
0,-94.59638,553.68265
0,-104.74292,227.14676
0,-178.581,1.32557
0,-240.40993,-58.2642
0,-339.49928,-125.82091
0,-99.6572,510.41185
1,632.57175,103.09688
0,-234.46119,-285.63015
1,486.41072,10.89818
0,-211.70263,269.3143
0,-310.44981,-263.90462
0,-187.58455,-24.16531
0,-155.24464,182.79249
0,-275.34571,-120.23746
1,323.00596,64.56002
1,405.52208,-224.31014
1,308.84369,-7.41016
0,-295.44869,-14.60054
1,675.57612,111.59083
0,-107.91282,-118.73806
1,406.96045,139.35508
0,-252.38217,-164.70482
0,-219.49075,273.51214
0,-307.13478,-3.80693
0,-209.54157,-138.92091
0,-243.91837,-178.68597
0,-336.09591,60.81849
1,523.15234,-11.03641
0,-276.6575,-190.45719
0,-240.7853,-142.08125
0,64.26704,179.41757
0,-71.86232,-32.32523
0,-82.40062,317.88674
0,-9.11671,33.29739
0,-247.87489,-58.51917
0,-182.04012,-125.66275
0,-138.58226,397.81795
0,-300.47417,-167.45513
0,-259.94329,236.58378
0,-102.39571,-14.54439
1,393.39338,-192.06775
0,-84.25824,111.13105
0,-237.20224,-127.62033
0,-189.49509,-2.59262
0,-155.79189,285.35596
0,-89.99533,-5.23607
0,-99.5702,121.22076
1,596.69094,-92.15901
1,557.9074,46.85427
0,-114.39148,-91.09458
1,669.83846,80.58793
0,-101.5371,-30.93937
0,-234.08138,-177.22831
0,-145.44579,470.10244
0,-284.92787,-257.01982
0,-268.81415,-16.19389
0,151.33735,-120.72761
0,111.45412,184.46129
0,-276.45899,-68.78226
0,-183.35704,42.42604
1,541.24644,-42.61165
1,523.7778,-149.8634
0,-308.17973,-80.12081
0,-222.88729,360.65029
0,-87.41725,341.95053
0,-203.9325,253.1185
0,-349.3257,-115.38101
0,-245.52593,372.91916
0,-49.92247,210.39534
0,-196.63533,-186.1485
0,-141.94217,-7.17536
0,-161.49544,-169.78225
0,-292.40957,140.9272
1,645.59411,47.70704
0,-235.44597,249.01412
0,-86.36792,119.5407
0,-102.90664,427.97544
0,-261.39041,-326.9191
0,-133.82368,-4.83507
1,547.93651,-6.99627
0,-118.13584,98.12408
0,-182.81419,14.08501
0,-240.91873,8.50299
1,514.55538,3.99702
0,88.51161,-211.92204
1,407.54838,-50.79372
0,-120.32263,390.82509
0,-214.4795,210.08159
1,658.16092,97.747
0,-197.6877,195.68233
0,-227.60803,132.08005
0,-283.6345,-84.84435
0,-136.51625,-20.54181
0,-172.83494,291.56977
0,-267.35537,14.89198
0,-335.4585,-34.33453
0,-183.68735,146.7421
0,-305.49344,-239.68128
0,-62.87625,25.44356
1,396.61169,-106.16179
0,-61.80493,279.51664
1,489.14375,-44.49514
0,-242.29476,95.04437
1,315.6423,-280.09579
0,-78.85803,-91.01018
1,480.05675,324.685
0,-97.5991,133.47122
0,-69.43144,271.10172
0,-262.41506,184.62854
0,-308.04808,-287.21603
0,-278.48351,-122.59561
1,288.41329,-150.72138
0,-216.01209,6.7375
1,435.38173,-6.56858
1,619.01957,30.68178
0,-178.36612,-321.77719
0,-147.45394,-44.03429
1,239.42332,-274.15453
0,107.85682,-53.89653
0,-286.39387,-200.26471
0,3.03801,356.04315
0,-324.76697,-107.91786
0,-249.28954,-36.50599
0,-112.87115,437.02359
0,-113.5916,-93.96386
0,-260.45581,-166.94798
0,-151.91463,-48.7438
0,-304.47459,-228.67277
0,-248.45447,-199.80899
1,620.38367,-75.62429
0,-180.75872,-130.74883
0,-187.23148,454.7788
1,511.77871,168.04869
0,-73.13968,436.90171
0,-75.04024,455.50517
0,-249.21407,164.65039
0,-154.65073,60.4331
0,-112.51167,461.17401
0,-156.89245,-86.42893
0,-245.55406,-52.71334
0,-126.01718,92.85078
0,17.32669,-218.01867
0,-275.7262,-170.81275
0,-213.04444,-19.6314
0,-203.08607,-242.80064
0,-281.16717,-174.92248
0,-215.89099,-194.23408
1,389.16478,-37.1592
0,-301.79916,-150.36986
0,-178.65491,-120.31272
1,404.06375,-302.56337
0,-141.50005,17.16009
1,516.55477,22.09928
0,-5.88869,80.40995
0,-246.85506,-203.86461
0,-229.9455,180.13459
0,-81.52093,247.83017
0,-285.61783,237.94187
1,192.32524,11.62777
1,217.23774,-277.372
0,-158.48692,-210.76141
0,-168.9948,-9.33609
0,-229.36473,-79.72255
0,-233.54814,-171.74013
1,449.73509,-16.30396
1,442.7968,-231.42703
0,-110.06906,154.08098
1,449.11499,-24.58305
0,-178.07092,-5.48914
0,-119.62547,-168.66424
1,492.35577,-236.3615
1,677.75402,173.61053
0,95.14308,-90.47348
0,-201.21538,377.00127
0,-138.36098,452.36474
0,-46.58863,99.09003
1,457.00636,-83.4349
0,-152.73873,137.61447
0,-240.94491,-162.15947
1,622.00941,191.36941
1,512.71353,-311.75213
1,530.95824,-107.64948
1,556.24754,-100.03042
0,-176.46798,-12.40001
0,-239.26276,-234.16961
1,487.89033,-146.63153
0,-141.2343,12.09618
0,10.39372,-279.09411
1,188.09715,65.36178
1,509.70659,-152.27349
1,665.07421,4.3318
0,-192.00909,-82.72598
0,-274.98334,-118.91313
0,-126.17202,28.40238
0,-142.64858,248.13752
0,-170.76009,395.7762
0,-258.13425,-153.25531
1,589.06717,102.78742
0,-266.27319,-158.8179
1,420.67082,-47.72613
1,375.13951,-203.09762
1,433.31115,-2.51076
0,-293.92469,-173.51887
1,658.21667,-76.80302
0,-274.45068,-65.14305
0,-184.5303,44.63803
1,592.74721,-76.79014
1,307.72391,67.19086
0,-315.99931,-168.84124
0,-263.76828,-117.42213
0,-203.47574,223.03604
0,-242.94278,-314.49013
0,-214.28805,-129.52261
0,-148.4838,-55.64308
0,-248.01981,-183.85963
0,-248.58751,-75.4074
1,534.57001,-190.62107
0,-155.92973,167.46396
1,641.17875,4.10134
1,553.6923,-132.44626
0,46.80942,8.66694
1,361.13219,-125.78068
0,-236.28679,-192.54749
1,388.63713,-113.70102
0,-335.58965,-185.03276
0,-259.07247,-198.34055
1,397.77151,-115.87513
1,516.34688,150.50881
1,472.86776,178.09263
0,-133.76689,62.93343
0,-242.3225,-118.84198
0,-265.13862,-260.4828
0,125.32846,180.54965
0,-311.63156,-224.5766
0,-155.91764,266.27375
0,-217.9185,90.6489
0,-342.23348,56.93093
0,-254.78441,24.73844
1,575.75525,-98.26073
1,570.36785,-69.6529
1,375.16447,19.26582
0,-141.76132,-77.70715
0,-170.02264,199.41329
0,-220.38076,-258.64181
0,-196.28109,-186.81974
0,-190.34983,-118.91084
0,-278.62208,-49.57102
1,588.09419,-28.36406
0,-181.40975,427.53203
0,60.38827,275.82969
1,547.17183,223.45739
1,522.87892,-121.29353
0,-118.39789,239.84774
0,-243.91237,-70.8973
0,-301.89198,-262.92828
1,360.69771,34.94349
0,-210.23317,53.23201
0,-124.37029,-33.65434
0,-101.99195,-7.81475
0,-238.37521,201.06134
1,664.48194,-23.54904
0,-321.41244,30.62747
0,-292.43104,-208.85502
0,-256.4224,-38.40874
0,-240.24713,-126.29129
1,502.27588,-74.6455
0,131.65222,52.47588
0,-190.0487,-41.45049
0,-279.90272,-226.1019
0,-228.79579,-182.17102
1,378.63611,-339.23514
1,540.70232,-7.13335
0,-8.70766,192.14734
1,476.72541,-107.9246
0,-184.10148,-55.68567
1,573.66602,50.35376
0,-153.91747,-27.21476
0,-226.11492,-56.60125
1,195.34714,-190.68799
1,492.35577,-236.3615
1,643.83428,82.39963
0,-5.40703,-174.16657
0,-322.48026,-176.86795
0,-231.73954,88.32315
0,-14.13448,83.74716
0,-190.57553,349.61541
0,-156.99055,413.28635
0,-249.31226,55.11989
0,-179.08222,11.71651
0,-250.79993,80.96445
1,335.51041,-209.83369
0,-206.32256,52.03458
0,140.89636,-132.66147
0,-218.65538,386.99899
0,-141.20413,-30.32169
1,738.7821,128.01005
0,-177.27764,-54.4855
0,-311.28417,-88.98981
0,-175.8984,43.55212
0,11.92786,-15.48699
0,-186.26531,89.3933
0,111.45412,184.46129
0,-289.25004,-315.25284
0,-188.81743,-158.14474
0,-276.23812,-166.13884
0,-226.24153,-208.37411
0,-292.50121,224.05016
0,-261.64782,-92.36855
1,508.95398,116.65238
0,-244.63769,415.22793
1,349.41233,-280.08421
0,-45.75416,84.60768
1,351.25297,-149.21922
0,-199.12425,331.36295
0,-160.82713,134.98033
1,561.71849,-59.53112
1,331.40634,-217.4061
0,-166.07576,-73.60755
0,-191.26297,353.97536
0,-284.15778,74.584
1,434.39404,-81.76858
0,-255.17436,385.7339
0,-195.09621,46.20263
0,-158.86643,-138.96949
0,-207.12256,-88.67069
1,490.14675,198.16039
1,377.4757,-88.39946
1,404.06375,-302.56337
0,-208.33847,-144.69105
0,-204.72482,-134.27339
0,-107.32523,29.89943
0,-228.60682,-151.17215
1,489.58314,22.14905
0,-294.56386,103.5273
1,339.99548,14.25909
1,481.65058,-169.77991
0,-240.8485,-170.28688
1,583.55764,33.74802
0,111.45412,184.46129
0,-208.73593,33.06919
0,-130.72246,213.88433
0,-327.6146,-76.63891
1,653.86197,57.34888
0,-198.7575,472.09874
0,-186.10568,0.83072
0,-105.22341,46.79474
0,-264.4682,70.32715
0,-234.86197,-91.70885
0,-251.46845,-130.36939
0,-116.7636,426.69253
1,556.99484,16.70669
0,-341.16899,-45.15309
0,13.50202,170.53566
0,-146.12328,-103.28107
1,187.85168,-264.08949
0,-182.64097,23.24623
0,127.18363,78.00289
1,501.46522,-76.31799
0,-191.7628,-165.34762
1,621.56449,124.5638
0,-166.167,224.00788
0,-96.46425,301.02214
0,-222.79895,-258.05714
0,-213.29538,-226.34007
0,-150.3803,-106.22896
0,-236.63116,-89.53198
0,30.16183,379.83345
0,84.90391,395.84806
1,207.93776,-148.83286
1,431.50681,-211.04959
0,-160.15728,44.59991
0,-140.89811,-141.70871
0,-176.40155,-216.37769
0,-151.30838,40.86454
0,-149.36525,303.20202
1,655.40973,-15.97556
1,545.04145,80.43391
0,-98.74181,-36.07228
1,511.20436,-80.52158
0,-137.31231,40.15231
1,452.44826,-73.30737
0,-82.49801,272.92614
1,477.95642,66.59299
0,-93.18807,143.70539
0,-234.80285,197.88333
0,-169.01381,131.47479
1,427.82207,-79.36819
0,-244.19919,95.77332
0,-207.54035,73.49396
0,-249.41041,-119.81523
0,-73.20268,-20.14699
0,-285.04611,8.75078
0,-240.34097,-226.80933
0,-278.9208,197.30077
1,660.38218,126.01022
0,-122.99067,443.14978
1,225.59136,124.3172
0,-183.38674,-345.25289
1,543.11224,-133.35767
1,668.58445,63.66184
0,-198.37263,136.82603
1,565.13479,244.23979
0,-226.14869,-299.73486
0,-196.2866,-17.46486
0,-229.26548,-71.99624
0,-222.07019,-155.65895
0,-188.09927,-0.66782
1,383.44434,-126.31474
0,-256.94627,-132.4346
0,69.93145,16.19977
1,432.23693,-128.88667
0,-153.40731,339.92235
0,-127.91247,-116.55016
0,-221.97726,299.84283
0,-249.66871,133.11318
0,-285.85708,-330.4449
0,-87.15815,-78.29643
0,-246.55659,-175.71904
0,-344.24587,143.87664
0,-139.21584,-167.1518
1,627.7492,81.80878
0,167.1211,219.47065
0,-292.59983,-204.45856
1,548.88631,17.74378
1,318.55653,-69.73833
1,596.55064,160.46878
1,667.5964,-72.31385
0,-243.47449,-240.53188
0,-238.32111,-204.10823
0,-87.31752,39.41299
1,457.98222,91.50142
0,-125.64107,-60.14197
0,-242.83299,-95.30385
1,472.36577,161.54492
0,-83.21186,-62.50435
0,-216.4913,-78.25136
0,-311.95332,-243.92495
0,-166.70654,56.63493
0,-227.96322,-345.95003
0,16.34781,356.17995
0,-110.46954,-153.929
0,-233.19074,-83.11672
0,-219.54621,160.34418
0,-44.8331,338.90822
0,-129.52093,6.51488
0,-314.70446,-25.23537
1,466.20238,-95.37657
1,395.97221,-140.99811
0,-315.11592,-373.27836
0,-213.0543,-186.14062
0,-274.5471,-88.18606
0,-222.29334,-53.4949
0,-267.88026,-222.17333
0,-243.37586,-78.76996
1,445.3472,157.71049
0,-217.08032,-107.98988
0,-87.31076,-124.3598
0,-292.2662,-135.76158
0,-215.49753,182.67594
1,579.17758,35.21367
0,-274.99299,256.16787
0,45.92829,-153.29895
1,466.04108,47.74009
0,-270.98388,94.4843
0,-184.97541,-162.91005
0,-161.82615,-0.98943
0,-5.72109,30.15391
1,556.29515,-41.84514
0,-196.40809,-197.73793
0,39.44077,112.87235
1,502.84741,-27.69229
1,501.46522,-76.31799
0,125.32846,180.54965
1,496.15108,-176.10996
0,-254.28975,-217.30681
0,84.05059,159.07002
1,452.42162,251.33211
0,-321.0097,-222.23052
1,691.45007,118.05844
1,306.26062,-36.02067
0,-191.06406,228.48237
0,-87.1291,336.40211
0,-160.39845,305.76871
0,111.45412,184.46129
1,459.46907,-176.7859
0,-292.53862,-252.96465
0,-147.95959,-142.95816
0,-251.23586,46.96794
1,234.35572,13.28034
0,-33.46007,-9.65201
1,511.20744,-49.3788
1,469.05916,-172.09796
0,-199.22976,-216.6794
0,-58.39497,-33.54601
0,83.88215,66.65013
1,437.90023,162.72195
1,179.59897,-42.67148
0,-245.27609,-88.71796
0,-257.45125,-109.73861
0,-64.71753,143.55948
0,-270.52257,-247.88671
1,363.09033,-159.99924
0,-322.47353,-90.61889
1,379.649,119.29387
0,-179.89482,-34.91524
0,-227.86256,-87.86715
0,111.45412,184.46129
0,-213.21831,-131.51064
0,-86.38697,437.77325
0,-265.87724,-111.52034
0,-227.1433,-146.43584
0,-201.43348,-22.95931
0,-265.03717,-152.33705
0,-104.29693,-82.75341
0,-162.94162,38.2819
0,94.2474,-105.64182
0,-139.6688,-148.652
1,500.27357,-106.33308
1,103.94908,-346.18817
0,-235.62219,27.49229
1,583.47874,20.00139
0,-254.00426,-45.44461
0,-174.82034,-85.45183
1,665.46779,142.36384
0,144.75191,22.94086
0,-230.65821,-240.64065
1,396.99474,-200.06898
0,-56.84163,-115.92161
0,-150.21828,481.60881
1,497.19517,112.52947
1,498.0579,-149.97054
0,-312.5919,-204.17604
0,-296.70124,-95.6762
0,-89.67857,-79.32476
1,629.55634,79.85179
0,-54.99178,349.92947
0,-143.69614,266.03761
1,449.40973,-266.90398
0,-79.374,175.50991
1,378.01778,-236.32439
1,756.54785,101.71617
1,403.13004,-29.00882
0,-258.99993,74.81346
0,-164.71063,-129.83763
0,-184.77525,-142.40816
0,-149.92471,-42.74726
1,517.40478,-34.82968
0,-203.7403,-98.45176
1,657.94047,104.94839
0,-352.61972,-114.16128
0,-143.45953,-113.5848
0,95.20934,-142.10302
0,-163.25924,156.75057
0,-180.1871,265.99802
0,-306.79794,-143.02082
1,598.17078,4.4667
0,-291.25981,-12.98693
1,557.9665,6.89045
1,541.58976,68.97254
0,-243.42979,20.91637
1,444.69924,204.74474
0,-164.57844,187.59978
0,-286.68258,96.27069
0,-298.64575,-1.25553
0,-171.07925,249.67636
0,-221.80594,192.65535
0,-116.54608,-5.3179
0,-90.16786,-75.89083
0,-21.52933,-11.82722
0,13.50202,170.53566
1,511.43494,134.83692
0,-279.62795,205.26362
1,266.29872,-219.30311
0,-241.12036,-86.4676
1,537.84475,-24.5901
0,-95.49204,196.79912
0,-111.30215,210.57501
0,68.53857,-65.79827
0,-181.16018,-163.23217
0,-68.79294,14.52282
1,655.60985,76.99082
0,-250.88906,-253.05074
0,-173.97639,-49.50388
0,-273.64238,106.32605
0,-9.57541,-197.25154
0,-178.43238,-58.97756
1,529.89614,-101.20562
0,-177.38705,-133.5727
1,437.48077,255.83871
0,-292.02654,-122.9178
0,-231.22917,271.96628
0,-250.43444,285.10639
0,-86.08486,131.28508
1,233.03739,-159.71041
0,-170.49835,1.44386
1,607.53073,7.72956
0,-151.54895,-151.65647
0,-228.53735,-182.42849
1,566.76356,-5.5888
0,-218.95248,-145.29954
1,250.91843,-310.23113
0,-202.40262,93.90365
0,-232.28299,11.46836
0,-95.31922,-3.23169
0,-172.09837,139.07185
0,-191.89506,-265.71799
1,464.55243,-47.38562
0,-292.91889,125.99389
1,421.87157,-9.42356
0,-283.56807,-129.88978
1,422.61613,-41.83471
0,-43.01834,-33.16453
0,-255.00183,95.71734
0,-125.10472,75.33161
0,-95.6299,222.5077
0,-132.22117,-105.49197
0,-94.52191,239.86389
0,-170.05616,224.14546
0,-195.64942,-119.97802
0,-186.4782,3.16894
0,-246.06606,-232.64989
0,-245.86807,137.30226
0,-233.51671,-305.1237
1,636.30769,173.72473
0,-201.16721,-228.20862
0,-142.03735,275.34839
0,-221.41487,-168.67995
0,-102.39552,522.35438
0,-155.86684,53.6463
0,121.23397,63.87206
0,-244.64739,-103.48385
0,-261.17848,33.61661
1,223.92881,-164.96553
0,-187.57233,114.63345
1,484.54664,-246.37389
0,-285.5268,-56.14867
0,-138.99666,318.82062
0,-256.86929,-172.97584
0,-207.34814,16.98736
1,630.96565,-135.9762
0,-191.0978,74.92034
0,-112.43994,-70.29919
0,-197.15944,-128.74404
0,-163.91436,185.17619
1,570.36785,-69.6529
0,2.62633,-22.18993
1,513.33198,-10.29844
0,-46.58863,99.09003
1,422.25198,217.71974
0,-253.97954,-213.17904
0,-301.70578,-154.28402
0,-197.88833,-197.35858
0,-246.54743,-6.13843
1,203.59074,-342.37818
0,-111.63116,118.81792
0,-237.7762,-164.57009
0,-75.35172,220.69832
0,-294.61008,-42.44401
0,-205.75663,-78.71286
0,-300.00695,-235.48736
0,-258.64889,-308.08823
0,-203.44511,282.67307
0,-295.92118,-184.09948
1,487.93927,85.73579
0,28.0485,-51.1567
1,648.40631,-115.96156
0,-232.58674,-78.79337
1,525.03305,-26.33232
0,-265.10336,263.34701
0,-206.21368,-230.7801
1,357.51769,157.60364
0,-257.02861,47.11793
1,557.9665,6.89045
1,376.53803,-6.78393
0,-68.40799,100.50192
0,-193.13726,9.61367
0,-5.03221,367.09552
1,595.55879,0.27663
0,-194.16638,-228.47216
1,584.13604,-53.44354
1,573.08234,-227.68612
0,-351.50331,-168.00642
1,505.98669,-62.17861
1,572.3234,149.04185
0,-163.0405,212.77746
1,325.4264,-135.82646
0,-197.80278,-83.54484
0,-257.5797,-130.77282
1,433.5486,-105.31604
0,-292.89054,-233.64059
0,-156.71354,-115.9103
0,-179.24296,368.43913
0,4.47374,46.74752
0,-173.024,-52.91148
1,199.862,-264.17914
1,487.58125,54.57311
0,-202.90579,-61.31531
0,-73.37649,55.66179
0,-316.74098,-90.71075
0,-184.0253,211.39193
1,606.29358,4.68956
0,-157.28922,-104.99324
0,-110.00699,79.50143
0,-266.73131,-113.70246
0,-328.84123,-315.27146
1,546.67933,-36.57831
0,-238.16474,-20.99005
0,-189.25053,-216.49297
0,-139.22571,539.93087
0,-248.31935,-59.7925
1,541.24644,-42.61165
0,-153.31401,27.31251
1,393.71775,-130.94415
0,30.63754,77.22054
0,-270.56373,-213.09903
1,314.00852,38.12827
0,-289.43781,-334.49836
0,-135.00153,224.77519
0,-96.31066,163.58156
0,-238.66293,297.23189
0,-198.1248,-50.67959
0,111.45412,184.46129
1,530.99649,-76.84347
0,-280.70383,-347.16123
1,548.43693,-148.07664
0,-184.04175,-146.73063
0,-46.58863,99.09003
0,-111.24965,272.67061
0,-263.13235,-269.02656
1,336.7593,20.96144
0,-287.81784,-80.97421
1,384.59483,-65.65957
1,544.41675,28.65983
0,18.17115,346.79844
0,-156.19974,233.17785
1,651.84442,65.42172
0,-274.02225,95.46436
1,361.75184,-102.57957
0,-207.84685,12.73195
1,178.66282,-30.3691
0,-288.27366,-166.577
0,-92.0903,337.49902
0,-81.28684,401.51937
0,-269.15363,-138.85622
1,427.64409,194.64218
1,383.76953,-204.28846
0,-220.52177,-188.27354
1,158.15339,-317.59291
1,333.43596,-182.80713
0,-192.40602,357.24445
0,-180.25829,25.43581
1,559.55695,-42.22208
0,-228.8867,-186.0652
0,131.65504,-126.71789
0,-308.32849,-150.9483
1,561.87442,-248.30339
0,-109.50957,121.64334
0,-219.95699,-13.74061
1,398.91194,57.78596
1,655.69127,137.70697
1,496.31041,-66.38367
0,-254.07111,-254.29119
0,-345.06061,-397.37992
0,-127.76119,373.12356
0,-154.42677,55.77696
0,-78.89971,1.60451
0,-215.54486,100.92938
0,-273.24795,-217.68701
0,-164.99734,-153.40733
1,666.87365,82.3343
0,1.60268,405.43658
0,-236.47509,-255.22476
0,-193.93542,184.73301
0,-172.38527,19.27543
0,-243.92127,205.39123
0,-70.83477,218.69123
0,-74.88647,49.07352
0,-195.43473,22.63317
1,638.72193,132.42097
0,-215.8054,220.66575
0,-260.81526,-129.30172
0,-89.05374,451.70522
0,-215.17627,-158.46734
0,-83.02226,-86.44874
0,-266.29958,166.42651
1,628.94649,-34.63894
1,432.7203,35.7802
0,-126.01571,274.80823
1,547.98916,14.31716
0,-90.32629,-202.84067
0,-197.56505,255.25689
0,-128.50488,-35.61194
1,655.40973,-15.97556
0,-249.78176,23.86447
1,573.5051,19.91762
1,463.57522,-65.28729
0,-295.6631,-158.78049
0,-202.33794,142.55455
0,-144.40606,-110.25762
0,-189.85423,189.05736
1,515.84619,-114.46669
0,-67.27578,127.52093
1,485.85665,-118.66139
1,572.06783,-47.00527
1,507.18015,-7.04141
0,-304.67764,-172.56372
0,-117.50304,195.90772
0,28.05655,65.54379
0,-306.8207,-134.22175
1,546.34759,-39.78747
1,336.81387,-170.74755
1,166.10142,-184.14752
1,355.98929,-305.55765
0,-144.31193,130.9666
0,-312.9002,-276.3343
0,4.85973,88.87942
1,360.35496,-78.47411
0,-241.41698,-37.27908
0,-90.41774,81.71496
0,-299.01086,-261.86553
0,83.88276,-102.74511
0,-249.63187,-58.15647
0,-237.38538,-201.70051
0,-204.19952,-131.84546
1,361.9959,68.39151
0,-277.59407,250.59103
0,-294.42752,-6.93812
0,-243.69848,-46.90511
0,-164.1811,104.03864
0,-299.27582,-321.1442
0,-216.92611,-34.97298
1,594.56805,76.87042
1,323.24178,-77.02625
0,-67.5391,-150.03475
1,422.8224,-77.57241
0,-86.70988,146.38348
0,-204.70718,-190.07701
0,-100.54533,-49.20757
1,307.02397,-15.52072
0,-190.86163,-209.97095
0,-220.92088,33.06131
0,31.11789,370.63972
0,-214.1213,-321.97715
0,-3.19381,-20.52359
0,-193.97645,260.49842
0,-174.22441,397.88991
1,437.53914,-6.62123
0,-221.01545,25.82786
0,-312.95761,-54.8361
0,-224.91559,9.17465
1,583.22722,4.34276
0,-179.65417,-22.209
1,386.70987,-37.11724
0,-183.1429,-75.65836
0,-332.40761,-313.81896
0,-269.28274,-102.49713
0,-176.05946,-126.26627
1,433.39827,271.30009
0,-328.87086,167.06107
1,230.89599,277.99152
0,-126.58683,3.50839
0,-129.41276,-329.64847
0,-194.51694,-134.36049
0,-238.92326,-27.0881
0,-241.13049,52.61075
0,-247.02373,-45.55907
0,-229.79187,-97.47266
0,-335.25296,-175.50699
1,400.37508,-34.78678
0,111.45412,184.46129
0,-337.48498,-290.92143
0,-222.99793,-125.45663
0,-146.82005,64.78646
0,-191.43685,-27.46697
0,-173.14758,74.1037
1,379.32969,-215.67042
1,112.19481,-398.65322
1,411.16445,-61.77836
0,-156.37164,-120.61377
1,396.15963,-121.12295
0,-233.59802,66.34181
0,-196.07376,-131.09766
0,-98.29335,47.13831
1,529.73077,182.40131
0,-24.9748,110.49717
0,-54.3621,96.97657
0,-132.23475,379.89313
1,492.70003,-62.99609
0,-108.27149,307.14243
0,-259.36421,-107.60635
0,-222.84922,-146.80723
0,-281.54612,-310.21102
0,-56.77471,168.39926
0,-289.8595,-377.22142
0,-257.83477,-227.83644
0,-131.3213,-20.14749
0,-66.43277,451.81206
0,-233.95855,314.04642
0,-230.94507,237.71655
1,503.01161,-48.64062
1,556.35796,-134.15145
0,-124.32153,316.32429
0,-226.2634,56.59709
1,258.85482,176.23652
0,-140.85153,-113.3083
1,516.99883,41.98602
0,-234.86069,-239.02464
0,-176.17144,63.98072
0,73.95092,344.36878
0,-98.65714,99.21424
0,-234.71905,-220.81082
0,-79.89197,521.82624
0,30.00195,-161.95382
0,-185.20049,-109.49726
0,-234.3103,-70.82722
1,479.12233,214.031
0,-128.55872,193.34108
0,116.14946,103.19616
0,-61.01934,123.20955
1,524.93899,0.08944
0,-321.25585,-225.34392
0,-257.61402,-121.22477
0,-131.92843,320.92031
1,445.09245,-86.11537
0,43.38002,19.20621
0,-252.77108,-203.26173
0,-162.0823,281.07227
0,-225.70112,-197.96372
1,305.21174,34.57488
0,-40.05094,319.75687
1,346.89509,-71.15318
0,-177.5233,17.68534
0,-216.72292,358.71521
0,-83.80332,202.26393
0,-100.36972,53.34138
1,457.64938,-1.82825
1,721.85775,42.86404
0,-200.01646,-281.46359
1,304.31172,-36.92431
0,-341.43839,59.29545
0,8.22331,36.89033
0,-204.02279,-135.08804
0,-209.01533,53.90892
1,595.69258,54.36156
0,-101.38202,1.88895
0,-309.08151,25.67835
0,-94.99715,414.39973
0,-294.78665,146.13671
1,455.64012,125.33415
0,-184.51643,210.53171
0,-223.8658,-93.37498
0,-176.09507,-33.97644
0,-115.9263,205.16822
0,-260.74567,-151.09408
0,-160.06347,-105.23516
0,-251.98887,-49.52357
0,-193.36715,104.13411
0,-191.07196,-42.29266
0,-325.40054,-268.68442
0,-181.85648,-96.7912
0,-193.3521,118.97362
0,-154.06062,67.2366
0,-216.93166,-270.92845
0,111.45412,184.46129
0,-194.07577,277.14565
0,-72.52342,429.662
1,618.90118,72.24042
0,-174.4298,133.82037
0,-280.15628,-209.27109
0,-191.12103,328.92738
1,373.55424,135.48795
0,-84.6758,-31.68442
0,-239.02855,-34.9803
1,482.87442,-110.02196
0,-262.93719,-255.84427
0,-167.2235,356.3077
1,418.6989,0.00622
1,565.90118,-56.08023
0,-117.9372,442.36602
0,-86.91325,23.83742
0,-92.76799,481.29156
0,-208.25275,-20.41578
0,131.61734,-5.41717
1,354.86492,-132.62723
1,144.79792,-60.65748
0,-151.75343,52.43311
1,577.03171,222.94268
0,-219.44387,-163.57771
1,678.978,75.93566
0,-200.69563,208.54647
0,-92.89141,13.04505
1,548.31143,-28.50443
0,-187.51565,303.60419
0,-224.55538,265.30798
0,-227.0693,-107.99417
0,-141.37553,224.39883
0,-333.05542,147.68805
1,493.05604,-39.96161
0,-204.83501,134.97299
1,360.69166,-116.2725
1,247.03544,-170.8386
0,-300.22742,-85.28407
0,-201.80313,-101.21052
0,-303.9668,-55.80868
0,-242.76545,132.72165
0,-91.16271,383.59499
0,-177.65647,25.01263
0,-257.33229,-233.38984
1,501.46522,-76.31799
0,-122.65601,97.59992
0,-302.69729,-158.23192
0,-339.31497,-177.69218
0,-44.22398,-0.3379
1,524.80858,-42.71041
0,-150.57178,384.4056
0,-201.33849,-218.52093
0,-178.96346,-28.48845
0,-78.64058,-39.21692
0,-231.41391,156.99445
0,-194.22131,268.93971
0,-2.50971,-70.35898
0,-201.34606,243.79066
0,-231.36673,-117.08517
0,-182.62492,-153.41446
0,-262.88406,30.49026
0,-2.98993,152.91947
0,111.45412,184.46129
0,-153.98121,-61.76926
1,264.8035,-131.51697
1,533.47826,89.09048
0,-136.41859,304.45525
0,-346.53521,-145.22702
0,-152.52505,-170.62236
0,-217.42998,-120.27926
0,-245.23482,269.47236
0,-213.53235,-37.08477
1,606.63889,31.64875
0,-112.29419,405.99758
0,-157.03002,2.44121
1,531.77938,120.08804
0,-230.07598,-348.34961
0,-145.42661,54.55765
0,-158.79533,-78.16272
0,-17.29118,-128.62819
0,-214.74208,177.10063
1,538.23913,-77.82102
0,-196.86914,27.19456
1,351.7973,-137.46253
0,-268.00329,-93.62263
0,-269.94425,-297.74094
0,-266.6794,-201.33559
0,-291.65463,-61.77339
0,-177.91374,-80.71378
0,-223.49877,232.36658
1,610.41881,182.99608
0,-115.44645,274.32757
1,585.364,-18.25212
0,-141.6614,291.03023
0,-213.33362,-112.77693
1,305.05074,82.23925
0,149.01431,28.442
1,613.24854,40.36801
0,-50.13196,374.31622
0,-226.63061,-307.16723
1,499.05365,-83.30309
0,-149.591,9.01901
0,-140.86345,-118.56547
1,469.05668,186.16848
0,-77.25291,-72.21694
0,-91.38677,-52.55147
0,-223.17947,-145.66893
0,-338.84801,-196.47477
1,436.44821,-4.42804
0,-165.82733,144.40276
1,617.05731,72.36056
0,-349.39546,-170.47468
0,-301.4184,-110.56185
0,-143.6155,25.60966
1,404.53985,-188.49827
0,-80.25,169.23119
1,301.07337,-149.2895
0,-326.54693,-389.17626
0,-194.85129,155.96616
1,579.36052,-34.97878
0,-209.18776,134.1776
0,-210.38392,332.11686
0,-119.78331,-17.63462
0,-182.09136,-138.53108
1,543.50484,-6.30558
0,-124.39238,435.62091
0,-246.87644,-7.27695
0,-9.68366,-99.05147
0,-137.058,12.0006
0,-282.4534,153.98789
0,-274.66233,-136.68362
0,9.69699,-21.82864
0,-266.8111,8.37171
0,-118.94529,370.03365
0,-174.41925,271.91365
1,471.63431,114.59704
1,413.31543,-165.65548
1,510.97727,65.51564
0,93.47674,256.63299
0,-235.87086,-119.89762
1,452.58935,-175.93438
1,379.32969,-215.67042
0,-182.61933,-107.01403
0,-165.60298,220.73015
0,-168.31896,472.73365
0,-195.32876,-113.83466
0,-101.44512,150.20831
0,-205.24238,-71.23114
0,-263.835,-171.68478
0,-191.93467,251.56859
1,655.40973,-15.97556
0,-109.84641,85.13578
0,-253.60839,-176.66342
0,-172.67678,-126.35177
0,53.78487,177.28017
0,-145.55088,555.77003
1,661.74021,-168.28868
0,-100.33675,-32.38395
0,-142.87464,63.97732
0,-231.27796,-233.39489
0,140.0559,28.40725
0,-272.85043,-204.73361
0,-245.98515,205.92951
0,-194.42111,-37.992
0,-231.43016,-9.77069
0,-356.07116,-240.09708
1,473.95133,-99.06984
1,475.93008,-203.94522
0,-138.5,-70.68144
0,-134.65383,155.48967
0,-177.34411,-283.6201
0,-186.16782,-5.93679
0,-194.88316,0.05709
0,-238.21561,127.84641
0,-143.79848,192.94973
1,740.04361,78.49509
0,-77.98982,-157.5257
0,-248.38202,48.0455
0,-260.85492,27.15898
1,304.86476,-114.15217
0,-205.97526,95.13571
0,-198.10625,116.63749
1,389.57446,-165.943
1,519.4985,-178.74413
1,474.08875,-8.92514
0,-262.69183,124.83905
0,-261.39966,24.05408
1,496.79679,-194.19179
0,-119.32641,-53.99321
0,-162.778,-126.45818
1,556.41593,-5.53813
0,-294.28456,298.03493
0,-136.90463,-55.73434
0,-48.25697,-169.54678
0,-198.4335,359.6917
0,-148.45073,25.96363
0,-108.30313,423.22193
0,-274.79849,-273.8391
0,-187.7084,30.03632
0,-185.08605,-82.39893
0,-230.83706,-219.99242
1,558.04006,94.6858
0,-71.19942,-111.49953
1,464.0576,-93.17913
0,-186.03062,-213.90823
1,656.30741,129.55699
0,-303.76745,-265.5179
1,303.89052,-71.42298
0,-101.0314,-17.65662
0,-298.32859,-121.79392
1,341.66823,14.91011
1,383.80183,-205.17558
0,-290.59416,289.32745
1,530.13015,168.30266
0,-157.15948,-99.59008
0,-111.40464,-20.45013
1,222.81175,-218.54226
0,-238.67432,-133.70373
0,-212.96832,-194.00174
1,471.40768,-217.74046
0,-216.44966,192.83787
0,-262.71072,60.53918
0,-89.6405,231.29394
0,146.20176,131.731
0,-224.50318,57.61138
1,293.84526,-305.60281
0,-297.94608,-174.02889
0,-286.7689,210.08365
0,-215.20516,-70.38961
1,510.21767,-131.53983
0,-274.9111,0.91033
0,-322.53059,37.24566
1,267.60484,-10.72495
0,-110.24396,473.32447
0,-104.58375,-82.25817
1,533.05148,-164.41166
1,410.45242,-232.19027
0,60.29797,139.46181
1,548.15397,-113.98599
0,-264.0526,-316.40076
1,606.56139,37.90505
1,400.45315,-71.62839
1,572.70925,78.34292
0,-89.65103,545.66895
1,669.37932,97.217
1,433.74059,-146.07331
0,-166.75003,-90.86141
0,-264.99577,-153.27034
0,-346.3132,-179.4209
1,627.36763,-31.40945
1,337.07683,-191.4606
1,292.16885,-268.26347
0,-310.43698,-123.99963
0,-187.71772,413.33695
0,-266.72074,9.56346
0,-220.80259,368.29737
0,-111.40846,-21.67605
1,453.23096,94.57202
0,-229.82057,-104.04776
0,-264.21545,9.0461
1,415.13002,30.4995
0,-276.66058,-198.85531
0,-255.884,-179.605
0,-82.88357,350.27322
0,-197.34222,-55.56899
1,495.66682,-223.32165
1,188.73197,-148.81676
0,-251.64855,-281.0644
0,74.37851,-108.87081
0,-191.02419,-185.97114
0,-267.31836,-146.04734
0,-295.61282,-286.97951
0,-146.34845,425.05304
0,-47.32379,-81.44985
0,-313.9651,-73.45305
0,-245.67848,122.59885
0,-266.68575,-87.0535
0,110.03336,-100.88451
1,375.00311,63.22339
0,-161.56731,343.2648
0,-316.08258,-182.10697
0,-59.3606,356.02628
0,-179.34771,-136.44961
1,445.37056,-243.91054
0,-201.96584,-117.65468
1,485.08024,-22.42353
0,-149.56215,-62.39264
0,-213.73482,-273.05452
0,-238.53233,291.75174
1,536.42026,-100.42844
0,-69.77701,-368.29477
0,-262.83892,-98.98888
0,-215.90437,-140.86666
0,-247.49408,-98.21538
0,-142.75366,220.79011
0,-353.68244,-194.16354
1,189.89626,-182.33739
0,-70.33213,239.28879
0,-110.28639,14.78443
0,-186.58601,18.10589
0,-275.5863,-337.46484
0,-189.1941,11.88597
1,670.36154,22.93065
0,-308.32297,-77.62128
0,80.74519,61.79262
0,-190.19956,107.25632
0,-141.62311,-28.30709
0,-113.74817,-26.55531
1,366.13401,132.71675
0,-206.99929,-76.7941
0,-165.59278,1.84204
0,-221.59521,-233.35502
0,-219.58859,-248.87599
0,-91.37103,263.52761
0,-239.66684,-354.04613
0,-282.97543,-166.30085
0,-289.39425,149.28186
0,-193.21917,-263.16906
0,-181.35125,-117.33014
0,-319.29509,-272.08019
0,-214.62551,276.34253
0,-143.37341,282.40339
1,407.32574,-63.37243
0,-319.95638,81.7813
0,-171.4277,-95.92393
1,362.78683,-241.05731
1,525.46413,1.34821
0,-256.01748,-189.12087
0,-255.22243,-1.15015
0,-267.23463,0.0931
0,-184.19193,30.09181
0,-89.84906,-60.0546
1,517.27672,-58.60281
0,-229.83367,-275.49995
0,-57.01685,415.76271
0,-329.56653,-218.79
0,-31.53334,282.25059
0,-335.27577,-216.8942
1,303.09491,80.98237
0,-134.84566,407.2052
1,473.28676,-31.94311
1,691.9365,44.92254
1,631.65942,-59.44994
0,-135.60094,444.28683
0,-130.13076,137.80778
0,-208.21966,-233.97885
0,-142.45485,509.20522
0,-320.46713,-138.01746
0,-119.66696,273.46194
0,-16.63791,31.42714
0,-265.25844,-210.28085
1,441.3458,30.5107
1,555.64282,26.5591
0,-223.77004,-123.6733
1,511.17145,-238.58183
1,641.27083,96.11137
0,-115.58728,402.33255
1,446.79941,232.47854
0,-283.12973,-261.80683
0,-267.96987,-223.63728
0,-189.19517,1.02505
0,-266.96463,221.80887
0,-192.77846,30.06843
1,670.40426,91.38633
1,274.30608,-111.11276
1,662.02342,-103.42163
0,-8.22165,-15.50662
0,-277.17063,27.81052
1,565.13479,244.23979
1,305.46149,-139.2199
0,111.13882,357.12249
0,-342.0283,-298.25154
0,-191.31123,-55.32862
1,329.72525,-339.25824
0,16.16989,-31.60186
0,-273.76348,120.37848
1,268.86689,-90.37585
0,-170.69865,282.49494
0,-227.85839,-213.97394
0,52.17738,-248.47061
1,697.71577,70.70413
0,-271.52156,-300.89814
0,-205.1037,-139.49306
0,-323.39885,102.80997
0,-130.9239,514.45796
1,290.83441,105.90323
1,563.29986,5.12971
0,132.07926,-90.45819
1,205.00561,-217.5345
1,365.07538,-13.98845
1,574.85088,-97.71158
0,-306.07906,-37.27657
1,324.64211,328.69019
1,704.09858,133.183
0,-137.79097,-83.19471
0,-176.69948,194.5717
0,-143.98096,159.35808
1,522.43238,-90.46675
0,-180.7922,-18.90147
0,-278.25906,27.75697
0,-304.54721,-82.08054
0,-129.12044,276.81331
0,-55.71155,94.81365
0,-229.28902,124.65239
0,-148.31055,146.44528
0,-231.25464,-42.38401
0,-217.68727,-231.48612
1,245.68194,222.03979
0,-167.1813,-129.19271
1,513.55149,-238.37263
0,88.51161,-211.92204
0,-191.20336,-89.27239
0,-107.27375,148.265
0,-210.47468,-30.98248
0,-243.62011,-179.04202
0,-245.54035,-300.72122
1,533.12153,10.48667
1,463.33519,-260.96239
0,-240.781,115.0103
0,-247.00885,-84.9215
1,459.84859,-61.73005
0,-140.65899,-99.13573
0,-259.48271,-120.85006
0,-253.49783,161.89526
0,-224.23636,308.14149
0,-275.62078,-90.92078
0,-330.26983,-221.79191
1,589.8377,-57.37453
1,592.27412,-91.62204
0,-237.8895,-272.65557
0,-135.33502,265.07276
0,-56.73229,-58.99047
0,-219.12823,-198.68934
0,-101.99841,119.69617
0,-131.3476,357.44502
0,-266.26374,-36.52006
0,-174.36963,-50.7254
0,-204.75497,279.28839
0,-213.32383,395.45773
0,-266.45524,-275.53711
1,441.84089,231.37647
1,587.15917,-116.92583
1,362.59609,-8.37261
0,-227.37277,-86.09475
1,525.22328,25.48088
0,-86.08927,442.90105
0,-288.9222,-213.57638
0,-313.80489,-135.23204
1,540.70388,69.13973
0,-261.92527,112.14995
1,520.19833,-60.10255
0,-209.4259,-151.00122
0,-175.53927,-179.6609
0,-307.73846,108.62622
0,-240.18797,-113.13085
0,-158.55698,362.31398
1,204.61445,-392.36223
0,-217.78059,384.40603
1,347.38151,98.40121
0,-187.79005,176.73282
0,-115.49534,34.31867
1,202.00296,155.84151
1,292.33526,-169.31652
0,-114.06827,319.00437
1,416.09822,-233.27649
0,-236.75918,-202.89046
0,-247.77552,-73.4181
0,-173.8787,387.43435
1,569.92282,57.9286
0,-206.72325,38.30183
0,-72.47004,309.83375
0,-286.49786,177.10565
1,238.18048,-360.31164
0,-161.1315,-193.01473
0,-23.04725,-19.44497
1,623.23194,36.17173
0,-213.47453,-222.44816
0,-128.44885,317.64007
0,-145.30554,-125.96303
0,-176.70774,-82.08135
0,-83.31926,73.98436
0,-319.91567,-107.28248
0,-99.42005,243.84147
0,-144.01943,26.3358
1,540.36022,93.05425
0,-237.85212,149.80842
0,-180.40682,384.74233
0,-224.18597,-148.98288
0,-235.68441,-93.23146
0,-231.34915,134.90996
0,-203.72878,-156.923
0,-238.37834,-92.26485
0,-102.89985,413.5386
0,-354.96464,-265.67906
0,-33.47659,-70.12822
0,-135.85615,318.74745
0,-147.67596,84.90364
0,-190.77497,-41.3651
0,-36.8027,322.71723
1,305.5318,68.50857
0,-272.91502,56.74045
0,-104.25496,197.66294
1,789.09456,84.11693
0,-180.73918,132.94363
1,338.30827,56.59699
0,-208.80263,-165.32954
0,-75.15937,-293.88314
0,18.0483,52.39377
0,-174.50843,-230.57011
1,560.45393,-31.83
0,-70.67123,220.91596
0,-309.43273,-50.73477
1,645.32484,100.6928
1,467.25656,-149.2883
1,675.68697,36.26469
1,231.30836,-227.49371
0,-278.84764,92.17367
0,-58.23122,-413.33011
1,277.9051,-252.76493
0,-13.90614,375.9492
0,-251.89621,-137.27062
0,41.06054,8.66802
0,-123.3662,32.9741
0,-280.57912,-89.4259
1,184.25523,-326.57733
1,502.67127,-203.50915
0,-10.69484,99.67774
1,203.24796,165.51027
1,553.5502,213.6741
0,-108.70961,368.14764
0,34.00789,-167.91483
0,-185.43956,-76.8163
0,-126.25925,117.09967
0,-205.38579,-177.41032
0,-234.9264,137.71595
0,-254.06052,-222.92558
0,-124.03686,242.15773
0,-187.90786,-118.36481
0,-148.35047,199.04097
1,395.63357,-324.9851
1,586.97628,6.83278
0,-214.36038,-92.41342
0,-262.63437,97.65997
0,-155.86102,-171.04637
1,465.32394,69.16596
0,-209.45633,280.18832
1,413.68916,-134.32437
0,-126.26598,-93.02111
1,673.88082,4.67589
1,482.32335,-198.45856
0,-220.5325,147.91174
0,-141.35521,426.71265
0,-53.40445,183.25566
0,-271.38119,-20.40943
0,-259.39345,-167.97168
0,-271.14001,-165.17307
0,-232.34805,-236.64793
0,-272.17991,-219.63797
0,-319.23045,-204.78976
1,475.67741,125.04966
0,-90.78681,-96.68077
0,-169.43898,116.61579
0,-295.32578,-40.92347
0,-147.07013,92.92311
0,-252.09625,-118.19426
0,-250.7447,-317.13309
0,-160.90961,30.07361
1,625.28068,10.7116
0,-96.0886,87.38168
1,400.34641,-172.64021
0,-187.11915,212.78754
0,-275.13709,-149.67632
0,-37.94507,451.44657
1,658.73006,-7.97644
0,-255.22159,-278.69912
1,465.70084,41.10964
0,-115.7703,317.39048
0,-147.71859,307.95058
1,434.66894,50.04361
1,353.76247,-199.9476
0,-143.29401,-84.96065
0,-133.8038,-69.63173
1,448.20177,-61.99863
0,-146.92575,220.42648
0,-140.97899,376.32055
0,-171.0385,-271.28338
0,-188.22132,45.58411
1,563.58632,-53.49037
0,-28.20233,146.4539
1,522.3806,61.58889
0,-126.67641,-174.60966
0,-158.87485,219.79838
0,-121.10959,-136.31705
0,-297.2101,-231.70599
0,-225.08186,270.14982
0,-179.80178,163.34393
