target,similarity_x,similarity_y,vector_norm
0,0.25567659,0.39787979,7.47343708
0,0.25932117,0.39109941,5.58545328
1,0.20549234,0.30639046,5.44738458
0,0.2296614,0.32760208,5.83768171
0,0.22535477,0.34311513,5.5881471
1,0.24023613,0.38316335,5.7511549
1,0.24481159,0.42690773,6.06212703
0,0.34342606,0.47824406,7.22517297
0,0.24601455,0.36307799,5.76736783
0,0.28920764,0.40850797,6.21116116
0,0.30028311,0.46284084,6.29094308
1,0.27821992,0.43781269,5.92201758
0,0.28141255,0.39901,7.99237487
0,0.25457344,0.37981129,5.97173451
0,0.22060597,0.39375766,6.02609555
1,0.23613917,0.3741631,5.84416952
0,0.27524061,0.39631693,5.91937679
0,0.20942221,0.33113699,5.74006051
0,0.27228971,0.44983058,6.47615858
0,0.28601465,0.43383988,5.77922139
1,0.24066962,0.38229604,5.35900121
0,0.27120373,0.40863657,7.34707423
0,0.26901273,0.39157218,5.78253467
1,0.23947658,0.41008321,5.62504166
1,0.33066967,0.4667298,5.92128003
0,0.20836082,0.33180723,5.6763878
0,0.25786246,0.3895547,5.70778345
0,0.23740553,0.38677997,6.83549409
0,0.27884593,0.42267082,5.79450925
0,0.06560656,0.28573066,8.16064961
0,0.31659996,0.45134694,6.10222871
1,0.23140582,0.35144636,6.00930019
1,0.293292,0.43832759,5.62216037
1,0.24286275,0.35384945,5.61368411
1,0.22470245,0.36238316,5.85093188
0,0.31058785,0.46261374,5.98244178
0,0.26573579,0.40948283,5.93773877
0,0.30697491,0.44569264,6.5114944
1,0.26675897,0.41567027,5.98867493
1,0.26779618,0.44127726,6.45140931
0,0.20272224,0.32165467,5.51190095
0,0.29152365,0.47549397,6.42696153
1,0.2394981,0.36744792,5.70859108
0,0.23419326,0.33325561,5.68482839
1,0.23854801,0.41890463,5.62385323
0,0.318336,0.44867928,6.37862216
0,0.30519265,0.44518935,6.49905279
0,0.26999434,0.40485798,7.74151932
0,0.27796959,0.40255389,6.18290937
0,0.28196714,0.40648301,5.90334749
0,0.26005187,0.37827591,5.68890512
1,0.25018208,0.37152609,5.58390987
0,0.29734556,0.42660888,6.28181118
1,0.35197275,0.48137883,5.86744818
1,0.27587851,0.40650589,5.8873441
0,0.25328571,0.38815274,6.1333541
1,0.25574358,0.40561766,5.76602322
1,0.15746081,0.32454059,7.9666688
0,0.27207709,0.40344959,5.82678028
0,0.28596005,0.44261398,6.75929237
1,0.28555851,0.44953075,5.90227177
1,0.24142285,0.31609877,5.51760568
0,0.27393864,0.41023718,6.036487
0,0.22771785,0.39363954,6.34971004
1,0.25794153,0.3981587,5.74911033
1,0.31410254,0.48736354,6.54489807
1,0.25659617,0.41449614,5.90029514
1,0.24242358,0.38570595,5.36183672
1,0.26365707,0.37302015,5.38938664
1,0.24443268,0.38677029,5.51617726
1,0.09503585,0.30187424,6.95816936
0,0.29059086,0.46382813,5.95952421
1,0.25458175,0.33594925,5.38930328
1,0.31141355,0.47249013,6.38568394
0,0.21877556,0.35413929,5.84277136
0,0.29623566,0.40059462,6.72511766
1,0.27478732,0.43843665,6.43813688
1,0.2754988,0.36704787,5.63641701
1,0.28640113,0.38774782,5.94998229
1,0.22060826,0.40495753,6.26765271
0,0.24324373,0.39638834,6.85237403
0,0.24906702,0.36823244,6.00461643
1,0.24224415,0.36438863,5.72393036
1,0.19435019,0.35146485,5.71114222
0,0.29230946,0.45625452,6.74941688
0,0.27487539,0.39964559,6.40549489
0,0.30305869,0.45106294,6.59678258
1,0.25095527,0.40519834,6.02352172
1,0.24973818,0.39235489,5.93158986
0,0.23945521,0.37164057,5.84767118
1,0.25229695,0.36395413,5.42681305
0,0.2677098,0.42542752,5.98011605
0,0.27862769,0.45362911,6.07411208
0,0.26365932,0.4296403,5.74594903
0,0.28622714,0.46762656,6.43118522
0,0.28112139,0.36942243,5.15201511
1,0.30577601,0.4678035,6.88309686
0,0.26392807,0.41023685,6.18964497
0,0.26817451,0.42054635,6.40320244
1,0.2739534,0.41619464,5.53008508
1,0.26694355,0.43659729,5.78853365
1,0.26690516,0.44745221,6.11881691
1,0.25479047,0.39667459,6.0318398
0,0.24495095,0.43369993,7.10989753
0,0.24375499,0.34998993,5.69438246
1,0.31245187,0.49520999,6.3549503
0,0.31172938,0.48956989,6.90227245
1,0.21746545,0.35805666,6.21484289
0,0.24740078,0.39661444,5.553924
0,0.22217007,0.42439067,7.3377285
1,0.26373143,0.37514529,5.27533125
0,0.19852884,0.36323355,6.53221329
1,0.31104225,0.47798176,6.42274769
0,0.21346477,0.32957047,5.70298034
1,0.28866662,0.4705796,6.42378319
1,0.24521241,0.38261597,5.8553291
0,0.26439229,0.40338064,7.36457527
0,0.26619238,0.43176596,6.9310772
1,0.22046399,0.35071404,5.55082551
1,0.27994305,0.42665286,5.99654794
0,0.27734104,0.40949126,7.31515692
0,0.25135118,0.39201434,7.44816568
0,0.19525338,0.3547649,7.73477675
1,0.2433904,0.36422929,5.76778255
1,0.29072277,0.4667723,6.26896876
1,0.29069372,0.42466456,5.7358471
0,0.26752325,0.44969853,6.81193846
1,0.13641556,0.28458689,7.23998082
0,0.21826708,0.34140656,6.22489533
1,0.2784528,0.39761716,5.71465086
0,0.26069949,0.37252268,6.08984594
1,0.27695295,0.43009886,5.88441787
0,0.22940166,0.42876734,6.44330694
0,0.32272465,0.42499567,5.75571428
1,0.22339226,0.38516357,5.78410289
1,0.27479375,0.38666131,5.31680058
0,0.27360811,0.40756563,7.50009828
1,0.28697949,0.47373886,5.65957096
0,0.29576913,0.46825051,6.53380464
1,0.23363042,0.41999384,5.63300553
0,0.40954416,0.37998948,9.03480136
1,0.23420998,0.42181279,5.63323642
1,0.16174481,0.33481765,7.95336522
0,0.28616727,0.44539306,6.86519182
0,0.26910817,0.38060994,6.05527834
1,0.2818031,0.43397395,5.94089551
0,0.26592213,0.40627757,7.46637739
1,0.26729793,0.41648084,5.50970894
0,0.06596928,0.28635466,8.1441494
0,0.28682108,0.44623385,6.55593603
0,0.25326076,0.40770992,5.87251836
0,0.24603182,0.42900767,6.80553191
0,0.28810467,0.43842615,6.371842
1,0.26326965,0.44172436,6.45745077
0,0.23053847,0.35164736,6.17769344
1,0.23468064,0.33308444,5.77152508
0,0.29823788,0.46547543,6.09746978
0,0.31679947,0.4575354,6.32271275
1,0.24259084,0.36570525,6.24465387
1,0.27769279,0.40376799,5.59880998
0,0.2162702,0.31819188,5.52082084
1,0.23698401,0.35965064,5.99515954
1,0.13874468,0.32654083,7.97164697
0,0.2877042,0.39292166,5.89946504
1,0.13770612,0.31022911,8.02137331
0,0.32429514,0.44280562,6.75159505
0,0.285376,0.46243147,6.74642936
1,0.29063326,0.43054247,6.05579271
1,0.23531219,0.41159338,5.90970162
0,0.34289874,0.46581887,6.01764843
0,0.27715003,0.40066816,6.39740596
0,0.27656497,0.39179805,5.9836006
0,0.2783715,0.42032691,6.23347124
1,0.26402179,0.45138525,5.89102968
0,0.29210245,0.4382439,6.15842907
0,0.28056682,0.40804631,6.34666848
0,0.23060759,0.42972669,6.89199924
0,0.29680891,0.47239615,6.55158108
0,0.22651635,0.39262926,6.01802147
0,0.25610173,0.35587849,6.24065974
0,0.25736504,0.40832618,7.65741674
0,0.26794971,0.37867353,5.79589348
0,0.24257966,0.41617724,6.37240543
1,0.25451609,0.38011951,5.52224956
0,0.27721707,0.41839749,6.17362811
0,0.26567263,0.4142527,5.9116714
1,0.24423119,0.38020759,6.06789026
0,0.23679685,0.3769446,6.00532495
1,0.28303035,0.45877495,5.5121825
1,0.23596881,0.42595495,5.57187109
1,0.25900548,0.38503497,5.80924554
0,0.27178764,0.39903784,5.41229571
0,0.26714685,0.43637875,6.24448833
1,0.20794529,0.37746798,5.71174438
1,0.27092889,0.38258978,5.46457554
1,0.28753336,0.41787606,5.64685549
1,0.25433662,0.41461631,5.9629824
0,0.28058532,0.38407662,5.71301072
0,0.2533864,0.40963421,5.97944827
0,0.20134732,0.38688115,7.04722735
1,0.22341883,0.35280924,5.90956275
1,0.29924837,0.48302209,6.54448585
1,0.27199852,0.42183263,5.62132465
1,0.26598043,0.42225041,5.89983668
1,0.17939593,0.31943193,5.49142764
1,0.26200529,0.37874174,5.58459577
0,0.24438954,0.39364823,6.08641154
1,0.29567018,0.47011147,5.86581473
1,0.24995261,0.38291113,5.5089568
0,0.28622665,0.44423987,6.35581391
1,0.27956604,0.44063086,6.11624344
0,0.22881357,0.33174115,5.50483019
1,0.27487697,0.41202829,5.87683058
0,0.26036365,0.34767243,5.93663967
0,0.19533391,0.33605414,5.69194841
0,0.27795336,0.41735834,5.94519716
0,0.25447597,0.33207432,5.76739845
0,0.27706315,0.39693492,6.65758272
0,0.22109406,0.37561355,6.16986191
1,0.25850132,0.36672895,5.59244284
0,0.3227807,0.44339276,6.42864644
0,0.30429159,0.41975642,6.36287031
0,0.27215215,0.40685381,7.52554414
1,0.27475948,0.413526,5.42429818
0,0.24579057,0.37201066,5.85572463
1,0.29810134,0.47377167,6.07322867
1,0.20535367,0.33745153,5.42818297
1,0.28034733,0.46894456,6.16152518
1,0.17236726,0.32553073,7.64236335
0,0.24497746,0.35946427,5.60629394
1,0.23791177,0.41374972,5.99855724
0,0.26777628,0.40274058,5.84149543
0,0.18681306,0.36051542,7.0774319
0,0.3068339,0.4616351,6.33504722
1,0.27202952,0.38461085,5.28642484
1,0.24312074,0.39961751,5.44953547
1,0.24349929,0.36964674,5.6620636
0,0.26069351,0.4129466,6.62246722
0,0.2276682,0.36406804,5.79296525
0,0.24516883,0.40253746,6.82535883
0,0.30543022,0.46734552,6.53643481
1,0.26250428,0.41877745,6.18979995
1,0.18830439,0.31576521,5.83946627
0,0.27655397,0.44195148,6.06353578
1,0.24835591,0.38513509,5.64537869
0,0.19002233,0.37659288,7.17142156
1,0.23115177,0.34469741,5.56300169
1,0.25578331,0.3917464,5.98540798
0,0.29189192,0.43547132,6.26967736
0,0.2749422,0.43737874,6.29370216
0,0.22745578,0.34939279,5.39096823
0,0.27218377,0.38073552,6.3965807
1,0.25080272,0.34584303,5.57143941
0,0.27928868,0.373555,5.44926471
0,0.25459869,0.35196998,5.51073129
0,0.26688751,0.39720912,6.40056904
1,0.26930433,0.43811628,5.80875839
0,0.25020598,0.41540316,5.99114015
1,0.30821598,0.4767668,6.57283207
0,0.27083449,0.40544947,7.5135195
0,0.25465998,0.39717722,5.85592616
0,0.2000244,0.33904249,6.04183196
0,0.2993059,0.48285841,8.21565459
0,0.22175292,0.37211963,6.0797015
0,0.26208281,0.37947608,5.87336531
1,0.26677039,0.43162461,6.29197425
0,0.24753596,0.36274838,5.6906897
1,0.28134532,0.438667,6.22260695
1,0.30697273,0.43824448,6.31006713
1,0.1702387,0.33892134,7.92195178
1,0.17268637,0.33746195,7.89182107
0,0.23773069,0.343021,5.57383645
0,0.29126963,0.43670195,6.59776977
0,0.28810302,0.45001826,5.81087076
1,0.18720814,0.28841031,5.61119909
0,0.22355948,0.35586053,6.01834011
1,0.21210316,0.3837587,5.74315944
0,0.27970655,0.42299392,6.06471566
0,0.25669593,0.4214951,6.24049461
0,0.24167219,0.44515359,6.92770934
0,0.25974006,0.39582028,7.50087294
1,0.26333099,0.38915863,6.29412393
0,0.29339527,0.46174858,6.50342096
0,0.22987976,0.34882831,5.39384461
1,0.25380938,0.42450765,6.03858405
0,0.22752764,0.33944929,5.72028572
0,0.31608423,0.47896781,6.33614098
1,0.23052068,0.37108542,5.84226027
0,0.31275036,0.43645675,5.09655331
0,0.2462148,0.37854569,5.95464817
0,0.2360893,0.36588819,6.02082393
1,0.24099429,0.40740558,5.9492773
0,0.30643747,0.47173399,6.38348684
0,0.27323696,0.41239201,6.48597795
1,0.2797519,0.45413518,6.12211216
1,0.29790781,0.43729784,6.07333541
1,0.28920103,0.52168199,6.60148673
1,0.30102464,0.4299745,6.12820178
0,0.24483988,0.36611892,5.78654147
0,0.27075621,0.39068882,6.37227624
0,0.32676054,0.47890141,6.51454223
0,0.25940977,0.40502986,6.04088709
0,0.30591197,0.47533671,6.79567686
0,0.24811722,0.38079165,6.59723507
1,0.24227397,0.37011914,5.72353591
0,0.26447608,0.45263408,6.74787602
0,0.22651579,0.36003095,5.73814513
1,0.21943721,0.40264146,6.49535357
0,0.29689889,0.45023185,6.05926597
0,0.27533262,0.45911967,6.15666533
1,0.24677064,0.33937998,5.4843834
0,0.29834319,0.45032452,6.01304183
1,0.28231722,0.42523503,6.24922114
0,0.28455151,0.42831044,6.26670862
0,0.27018182,0.39789555,7.41324954
0,0.29408624,0.44250404,6.49213657
1,0.29877328,0.46271885,5.68844345
0,0.28649583,0.42122743,6.53120896
1,0.28740229,0.45624689,6.23225565
1,0.29287287,0.44826107,5.76644524
1,0.21644108,0.41906363,6.32848743
0,0.31020102,0.45303525,6.66313178
1,0.32112761,0.46384975,5.80155009
0,0.31409004,0.48823407,6.299424
1,0.27852238,0.44874584,5.81929194
0,0.28301932,0.4570868,6.99440256
0,0.25768937,0.38101194,5.76432112
0,0.29808629,0.44874419,6.44770439
1,0.24600687,0.39468904,5.65640821
0,0.26866277,0.40440591,7.44993206
1,0.26902845,0.38166462,5.63353321
0,0.31050254,0.42464124,6.23646113
1,0.25739597,0.36383626,5.30240079
0,0.23385208,0.36458048,6.01303624
0,0.30178702,0.37256233,5.10059192
0,0.30309022,0.44975057,6.47128507
1,0.28635628,0.4226054,5.65353025
1,0.22734478,0.35012814,5.14568498
0,0.32005868,0.45507861,6.53253932
1,0.24171819,0.42285622,6.43322892
1,0.23366608,0.44692055,6.39929248
0,0.24184827,0.32803201,5.63867888
0,0.27787354,0.3462593,5.27470786
1,0.21839665,0.31971863,5.73198344
0,0.2847037,0.45323801,6.58238281
1,0.24079297,0.33285493,5.65659539
0,0.28237838,0.39486871,5.93874422
0,0.27477158,0.40310431,5.83847218
0,0.26633276,0.44205179,5.9462337
0,0.2893808,0.44501076,6.15614875
1,0.26412079,0.404796,5.6536381
0,0.27300555,0.43012696,6.47431141
1,0.28054766,0.46581359,6.06931025
0,0.24328509,0.36857312,5.84500868
1,0.23541317,0.33261987,5.73733792
1,0.27175168,0.36355306,5.71535282
0,0.19685873,0.3141071,6.18493744
1,0.24712442,0.4047981,5.59732538
0,0.2145034,0.32139801,5.57627982
0,0.31828987,0.44947722,6.17697551
0,0.29362957,0.43608415,6.18034865
1,0.25708113,0.39854987,5.86514643
0,0.30128939,0.46348514,6.47237151
0,0.29546325,0.42085596,5.87104314
1,0.26255949,0.39263064,6.17755705
1,0.29502728,0.43575649,5.77372446
0,0.3249354,0.45910005,5.81902736
1,0.22039653,0.4470944,5.64386632
1,0.29471594,0.43919922,6.29169876
1,0.21821458,0.37997319,5.95681195
0,0.30545322,0.46914251,6.40246668
0,0.30139862,0.44089132,6.4790284
1,0.25333133,0.44492675,6.1107632
1,0.28544908,0.42341099,6.29571527
0,0.2542225,0.41603318,6.28491944
0,0.30813539,0.44615535,6.85436944
1,0.24081341,0.37761503,6.49102678
1,0.25832908,0.36397101,5.91796172
0,0.29780562,0.43735105,5.27360238
1,0.24804731,0.36329483,5.62300907
1,0.24521054,0.33365241,5.64541182
0,0.2828349,0.44054131,6.31487396
0,0.20701787,0.3727773,6.31867325
0,0.2387655,0.34752562,5.72601025
1,0.21979823,0.3827152,5.95279011
0,0.32169878,0.4915758,6.99467389
0,0.2594738,0.36852841,6.17792452
1,0.33372751,0.48672998,6.28890442
1,0.27311615,0.43853746,5.96916539
1,0.26004491,0.39866692,5.66663809
1,0.24193011,0.36183133,5.71960617
1,0.29063452,0.42558387,6.49897614
0,0.210024,0.33696726,5.55252123
1,0.31488282,0.41547286,6.23194348
0,0.24827736,0.36482,5.99196696
0,0.31689801,0.45519048,6.24710527
0,0.28797058,0.40385549,6.25689917
0,0.20791161,0.36942118,6.03265141
0,0.30428416,0.45944197,6.63012219
1,0.31725679,0.48068373,6.19607981
1,0.19188935,0.37162611,5.89706686
0,0.27614274,0.41895437,6.01411324
1,0.27538287,0.41140459,5.88629312
0,0.25764977,0.37273905,5.53425748
1,0.27282942,0.45381238,5.84341467
1,0.28373245,0.37682912,5.55220542
0,0.29701381,0.43438281,5.40468698
1,0.27869798,0.46839786,5.57360361
0,0.22967826,0.38138616,6.43410516
0,0.28944873,0.4303737,5.97390548
1,0.3242515,0.4579082,6.50207033
0,0.23850986,0.38810744,5.82130778
0,0.27083366,0.39643001,5.8307291
1,0.26997351,0.44207216,5.99016635
1,0.17130807,0.342131,7.99998523
0,0.23045582,0.35821828,5.85785863
1,0.21917991,0.33763369,5.86450514
1,0.2962703,0.43099817,5.49964725
0,0.32365409,0.46763218,6.70010248
0,0.20245843,0.32122585,5.89758178
0,0.1969919,0.31305143,5.98853162
1,0.14062698,0.31730694,7.95029415
0,0.25151619,0.39179088,7.4397479
1,0.18066941,0.285977,5.5826045
1,0.22624159,0.33304434,5.74303671
1,0.22222726,0.35703636,5.71901916
1,0.27568552,0.43713392,5.74742831
0,0.24682622,0.40096246,5.80437383
1,0.22582901,0.35919571,5.38792647
0,0.27176723,0.36761732,5.37944319
0,0.29959925,0.4478626,6.37566458
1,0.23651607,0.38854075,5.50876522
0,0.30079344,0.4589097,6.60131308
1,0.13017578,0.31020783,8.01521763
0,0.30569566,0.44351853,7.51165583
1,0.25838772,0.39773522,5.36002442
0,0.30231454,0.43639042,6.17385272
1,0.29686123,0.4954394,6.47663822
1,0.28013551,0.39789548,5.71721866
1,0.26118122,0.3920751,6.19261806
1,0.1247234,0.30487274,8.2184155
1,0.27655332,0.4328621,5.7481526
0,0.26529437,0.45307904,6.68095163
0,0.22886611,0.32371359,5.76554644
1,0.25269715,0.4114668,6.33719573
1,0.26623387,0.40397773,5.30293427
0,0.2756485,0.44135336,6.76527948
0,0.253423,0.39232925,7.59818519
0,0.22289392,0.31400658,5.51479165
1,0.21678865,0.34904856,5.74501956
1,0.24207438,0.39961221,6.00239968
1,0.26486065,0.40431416,6.23786112
1,0.24417796,0.40282637,6.76928521
1,0.25587497,0.37393737,5.39491232
0,0.30376759,0.45852928,6.24516729
0,0.22461643,0.37189363,6.17608129
1,0.22101539,0.34925691,6.93224548
0,0.28879133,0.43949607,5.77301794
1,0.26245554,0.39109138,5.61826994
0,0.26750845,0.43492944,6.52740958
0,0.23546713,0.34923703,6.20760477
0,0.30691071,0.46175234,6.28779461
0,0.29638797,0.46264262,6.4047858
0,0.29186395,0.43468773,6.32278794
0,0.30588886,0.45886472,5.68938632
1,0.23837769,0.39894419,5.84362046
1,0.30717715,0.43919569,6.29656419
0,0.27781651,0.41588646,6.19396632
0,0.20038584,0.36508856,6.9311558
0,0.26302864,0.40845416,7.50913499
0,0.33766512,0.49670834,6.53507876
1,0.12868196,0.28123293,6.15797587
1,0.24179431,0.37670009,5.75822984
1,0.25607988,0.39529222,5.17707318
1,0.23008394,0.3581915,5.4186415
0,0.32021981,0.45789631,6.25109216
1,0.23950544,0.36611375,5.7135182
0,0.24230642,0.39840455,6.05803314
1,0.28227275,0.48721522,6.33617246
0,0.24430856,0.44193385,6.67421235
1,0.21097743,0.34679431,5.91722894
0,0.32281009,0.46054993,6.63327996
0,0.33157239,0.47684879,6.31156206
1,0.29757524,0.4798536,6.4567997
1,0.24764164,0.42428913,5.83727949
1,0.24649213,0.35563738,5.25898559
0,0.28376065,0.43746025,6.88246917
0,0.23043823,0.40289967,6.28555788
0,0.26651106,0.42502353,6.0868916
0,0.30818757,0.44415606,6.08179326
0,0.2915568,0.42847103,6.39520292
0,0.2091175,0.3450244,6.12504824
0,0.31006433,0.43999733,6.42108609
0,0.2658491,0.41207134,7.46704799
0,0.23116444,0.40833184,6.31677218
0,0.23398124,0.39060954,6.63792703
1,0.23819572,0.37075242,5.29733555
0,0.28789898,0.44786177,6.36604096
1,0.17052567,0.34172092,7.89328821
1,0.24339428,0.37851698,5.75048997
1,0.24085444,0.43476514,5.4421986
0,0.2763742,0.41238796,7.4658493
0,0.3011027,0.31897473,4.88292381
0,0.24742145,0.40209646,5.79505624
0,0.23097015,0.35127481,6.16589673
1,0.26692102,0.45014897,5.73579938
1,0.24980638,0.37769946,5.28237667
0,0.27900027,0.43595754,6.64521295
0,0.26170116,0.4022404,6.62717008
1,0.23935264,0.373388,5.72833092
1,0.24509666,0.37004076,5.30931472
0,0.29535323,0.44586602,6.05076022
0,0.28171455,0.43641453,6.13890077
0,0.23502927,0.35156161,5.81376866
1,0.21213068,0.34404596,5.69624112
0,0.27294935,0.40041285,5.891663
0,0.28020403,0.47728354,6.82768103
1,0.26681664,0.42335232,6.32773955
0,0.27101625,0.41491577,5.95750655
0,0.21202883,0.32609489,6.23358448
1,0.24650267,0.38437061,5.88934678
1,0.23249225,0.3704129,5.76230822
0,0.23199694,0.38810778,6.88150823
0,0.29183106,0.4338603,6.25134473
0,0.26015578,0.41137377,5.50035529
1,0.28620539,0.46418916,6.5980301
1,0.30401246,0.4938952,6.22224334
0,0.26970113,0.43131814,6.06104603
1,0.24015628,0.34847721,5.66038882
0,0.2821539,0.45296336,6.48513726
0,0.26763225,0.4265921,6.01723506
1,0.25912831,0.39672096,5.58183137
0,0.26484141,0.39681085,7.54099798
0,0.27328535,0.40167372,5.40507342
1,0.29078167,0.4549392,6.16272728
0,0.15384033,0.28553749,9.44911295
0,0.2694807,0.43818893,6.52501789
0,0.26854928,0.42456018,5.95105118
1,0.2196163,0.37621592,5.9407972
0,0.30599135,0.46917576,6.16503695
0,0.26875082,0.41984365,5.90205287
0,0.20863059,0.40360112,7.40705766
0,0.31681162,0.47197454,6.49637144
1,0.26150399,0.4074776,6.07469071
0,0.20707849,0.35109951,7.83575688
1,0.25491174,0.38669334,5.619554
0,0.26552234,0.41669006,6.43535983
1,0.24679034,0.36784439,5.70786354
1,0.28732805,0.42874345,5.57399595
1,0.27583718,0.41799923,5.59342343
0,0.25619663,0.41197148,6.40321408
0,0.28341074,0.39967979,6.19509183
0,0.28745231,0.455666,6.32588421
0,0.28607965,0.44417989,6.49875192
0,0.30675567,0.46478324,6.31467294
1,0.27720046,0.40102663,5.91681957
1,0.27752938,0.42039321,6.05011869
0,0.26771081,0.42474206,6.22328164
1,0.28416516,0.46673782,5.75021013
0,0.23994322,0.38950923,5.78120605
1,0.26957593,0.39751127,6.33264359
0,0.32649243,0.48293766,6.28958228
1,0.26260208,0.41054507,6.00553292
1,0.2581954,0.4015443,5.63005085
1,0.27197296,0.39601243,5.98954518
0,0.30821199,0.45500139,6.10288697
0,0.33311971,0.47701597,6.3070717
1,0.29490628,0.47191828,5.8660648
1,0.21752289,0.35252472,5.98423205
0,0.26092574,0.3989964,7.63150061
0,0.30259505,0.45302559,6.04692793
1,0.2572213,0.40786545,5.80146821
0,0.23277019,0.37749153,6.18929497
1,0.22040459,0.34791809,6.920222
0,0.26493232,0.4357764,6.25505996
1,0.2339296,0.34712485,5.26565754
0,0.25365144,0.38699294,6.62054499
1,0.28361783,0.43086117,5.95009198
0,0.24873351,0.39034667,6.01035372
1,0.27785652,0.40821588,6.06436625
0,0.22340953,0.34769517,5.87246366
1,0.24152792,0.40835863,5.78965225
0,0.22327014,0.3344958,5.54202197
1,0.25614992,0.4058386,5.43326194
1,0.28501813,0.41534982,5.63695336
1,0.25646287,0.38992644,5.93846906
1,0.1868669,0.32191925,6.93255731
1,0.2521268,0.36838054,5.35945096
1,0.20832613,0.37080537,7.12677167
1,0.27133448,0.36490677,5.71751475
0,0.23668531,0.44131769,6.69869196
1,0.27365479,0.43832204,6.32587229
1,0.31358596,0.4689656,6.05199976
0,0.27075508,0.38667847,5.84269516
0,0.28230872,0.4254528,6.2285517
1,0.30617077,0.44699399,5.65324902
1,0.28177125,0.46847357,6.43978974
1,0.27434098,0.39526561,5.42024628
1,0.26072015,0.36786556,5.55030914
0,0.26844746,0.42619945,6.16793414
0,0.27770762,0.37027908,5.45164648
0,0.25969276,0.40717762,6.23621449
1,0.21027456,0.36198107,7.40271657
1,0.20517445,0.37890704,6.06067162
0,0.23024862,0.40379363,6.61427957
1,0.32059344,0.46621432,5.95651558
1,0.26900872,0.45809012,5.65327878
1,0.28602797,0.40841055,5.44059733
1,0.20478983,0.31588547,5.63848759
0,0.24624164,0.40450709,6.2275403
0,0.32764534,0.45800766,6.93198601
0,0.28473981,0.45096282,6.43546594
0,0.20833567,0.36588811,6.00667127
0,0.24453164,0.42713159,6.8997271
1,0.24373746,0.43430918,6.52318302
0,0.3117741,0.46615802,6.04972768
1,0.25627003,0.37402768,5.53468834
0,0.26471614,0.42842867,6.19821261
0,0.25981021,0.43735531,6.36756819
1,0.30980834,0.45382933,5.72701757
1,0.23250601,0.36343699,5.55899515
1,0.30684204,0.44134953,5.75179326
1,0.22809987,0.38205174,5.8564069
0,0.2864342,0.45874525,6.29272047
0,0.215719,0.32280971,5.64521879
1,0.24566716,0.40802884,5.61856947
0,0.24618865,0.38623353,5.9131557
1,0.28682793,0.42878854,5.57284167
1,0.30745362,0.50311212,6.4372723
1,0.2260781,0.38176169,6.12260583
1,0.21224259,0.38902822,5.74819105
1,0.24191663,0.3902008,5.5509478
1,0.25434723,0.38519402,5.80874785
1,0.29193017,0.42738427,5.77178781
1,0.21878357,0.33716151,5.41585267
0,0.20872524,0.34750866,5.71071678
0,0.22175089,0.36420594,6.10641037
0,0.30636444,0.45863994,6.38226183
0,0.24343779,0.3451354,5.7393436
1,0.25630785,0.38828519,5.46848164
1,0.24938347,0.39887788,5.64355715
1,0.26758747,0.41198006,5.89051808
0,0.29862903,0.46863337,6.20626107
1,0.30750927,0.49836667,6.37612312
1,0.22365984,0.37647146,5.374338
0,0.30828662,0.47330927,6.78769798
0,0.23202789,0.34127288,5.81320738
1,0.27310972,0.38340405,5.40611343
0,0.29054301,0.43280032,5.97869223
0,0.29338807,0.41697363,5.61755762
0,0.25378748,0.39376664,7.58971008
1,0.18205228,0.30119765,6.60152233
1,0.21091587,0.39994761,5.92775245
1,0.18870087,0.32533181,6.88747184
0,0.31642054,0.43970845,5.09941129
1,0.24216621,0.36486851,5.66609744
1,0.16984014,0.3397575,7.90979911
1,0.2673993,0.38370694,5.29949982
1,0.21961082,0.36308795,5.55066999
0,0.22134148,0.41936949,7.3169801
0,0.31447533,0.44476843,6.16898529
1,0.23418564,0.32957096,5.28548161
0,0.28782569,0.44435389,6.38927521
0,0.26002898,0.40579137,7.64684703
1,0.24791277,0.39112838,5.75746364
1,0.23762548,0.37964391,6.09318628
1,0.25182975,0.36076243,5.72345272
1,0.21930679,0.37503022,5.95078916
1,0.27448528,0.43186587,5.69712096
0,0.28864302,0.37087576,5.74292672
0,0.29864556,0.4595825,6.33886257
0,0.2331357,0.39222818,5.85577776
1,0.27978813,0.46089428,5.9981119
1,0.29665428,0.44875665,6.14051603
0,0.29531922,0.47618799,6.71762885
0,0.30012177,0.45058984,6.09962907
1,0.22092788,0.34031749,5.61388403
0,0.22473805,0.32647132,5.8346043
0,0.2525004,0.41616349,5.36032363
1,0.24153809,0.42827964,6.7436708
0,0.28276636,0.37175036,5.44741274
0,0.24352621,0.37029789,5.94266989
0,0.28827979,0.45524935,6.68206861
0,0.1785529,0.33882407,6.34025647
0,0.27989475,0.45799906,6.20421507
1,0.21221477,0.34434772,5.69214016
1,0.25751866,0.38933107,5.78972346
1,0.21894254,0.31701108,5.24679722
0,0.23528351,0.39082407,6.2868308
1,0.24955708,0.40089502,5.37404923
1,0.22552106,0.37932139,5.80101387
0,0.28168687,0.35436222,5.35852151
0,0.24163451,0.36773721,6.03140427
1,0.24226709,0.40832916,5.6283445
1,0.30174802,0.48926948,6.34742734
0,0.2266959,0.37173999,5.83577703
1,0.25985625,0.41211779,5.62094566
1,0.25670232,0.39806037,6.02004219
1,0.26915273,0.43206562,6.39566116
1,0.24568098,0.41644896,5.79673464
1,0.23537773,0.36728157,5.78027003
1,0.27400594,0.36020292,5.7129737
1,0.23876592,0.38117441,5.72895619
0,0.28899882,0.44309472,5.75554285
0,0.28830313,0.38651127,5.88902137
1,0.25327011,0.41095219,5.79094027
1,0.29226897,0.47833823,6.45646688
0,0.25191689,0.34741492,5.84819086
0,0.23773873,0.38753829,6.15184404
0,0.22231701,0.34061303,5.759586
0,0.30436229,0.45744141,6.4029121
1,0.26914991,0.36235045,5.3165217
0,0.27273449,0.4236349,6.41713085
0,0.24704885,0.42330188,6.303393
1,0.25473991,0.37195252,5.54368211
0,0.23677705,0.37017814,5.56338245
1,0.26115914,0.40666518,6.07446991
1,0.28737932,0.42838454,5.379543
1,0.2574289,0.45048613,6.02933909
1,0.26175492,0.44473598,5.91862025
1,0.26998364,0.4241212,6.05334212
1,0.19794509,0.34305518,5.62906482
0,0.24585045,0.41176645,6.00217261
1,0.22080432,0.3760363,5.53874488
1,0.2142831,0.40392417,6.85241603
0,0.30159403,0.47693504,6.34976027
1,0.17184142,0.37677646,7.17241058
1,0.22332143,0.35815349,5.70573121
0,0.22531999,0.37552645,6.9948152
1,0.29152937,0.44173374,5.79699405
1,0.26772383,0.43802928,5.91582926
0,0.3045213,0.45390824,5.86315696
1,0.21619512,0.36905124,6.10094873
1,0.3176682,0.44737852,6.03587716
0,0.25576928,0.3584195,5.77041116
0,0.30308874,0.43604699,6.27836894
0,0.29667832,0.43598697,5.6221813
0,0.21073394,0.32259577,5.95343583
0,0.29463446,0.43058636,6.14150925
0,0.26287995,0.41059718,5.63789012
1,0.26255077,0.37018487,5.491646
1,0.27229198,0.39081145,5.61143525
1,0.2460473,0.36900044,5.65565534
0,0.28909698,0.41481981,6.01879887
1,0.22931546,0.38307404,5.70360204
1,0.2607865,0.40373503,6.09481937
1,0.26836576,0.39572271,5.60114
1,0.28002122,0.42850673,6.69060539
1,0.26779385,0.37882925,5.62019132
1,0.2210998,0.32625279,5.44418407
0,0.23745154,0.35961146,5.74586014
1,0.20287512,0.37751106,6.2398044
0,0.28121152,0.43581705,6.37485259
1,0.28872308,0.45935963,5.8951988
1,0.28531814,0.44335701,6.206147
0,0.23590728,0.38690146,5.82365246
1,0.26694757,0.4154811,5.99685225
1,0.24025089,0.34634997,5.5388306
0,0.29989117,0.45287143,6.47752254
1,0.28229253,0.45286978,6.42448511
1,0.25329483,0.4054994,5.96021215
1,0.26968286,0.42260503,5.50076163
1,0.28083819,0.41615568,5.72392806
1,0.24979262,0.3512788,5.60179536
1,0.33328299,0.46700307,5.47961203
1,0.23746038,0.37393878,8.12793466
1,0.2859332,0.37662222,5.55102354
1,0.25468443,0.36324818,5.98717757
0,0.29031272,0.42168122,7.44822865
1,0.25915603,0.37700356,5.59415971
0,0.26408782,0.39990319,5.91321089
0,0.28130136,0.41315596,6.32892328
1,0.24193639,0.34866505,5.65682092
1,0.28438893,0.42709266,6.02234811
0,0.21197455,0.34553988,6.65621263
0,0.22757208,0.35473731,6.13800591
1,0.22407429,0.3757658,6.86750795
1,0.25129275,0.3679685,5.8754554
0,0.23366567,0.3659069,5.90869832
0,0.27431449,0.41443458,6.48858453
0,0.29219321,0.43084635,6.36090259
1,0.33084037,0.47983476,6.16660855
1,0.22189869,0.38515269,5.55426978
0,0.24199523,0.45572566,7.0064904
0,0.36137343,0.4980737,6.41477372
0,0.30487607,0.45355659,6.50506629
1,0.24798613,0.3490601,5.56171717
0,0.27397428,0.40706006,6.30502852
1,0.25097321,0.39111916,5.53311884
1,0.31091511,0.47098661,5.97290773
0,0.32806172,0.47115994,6.19430385
1,0.12744532,0.29576982,8.03366766
0,0.24260551,0.39029859,5.90779812
1,0.28622255,0.41016418,5.52315597
0,0.28303771,0.46158837,6.18179692
1,0.22346748,0.32174896,5.98390751
0,0.24732637,0.36199161,6.06592
0,0.25565026,0.3600242,6.00899663
1,0.22844193,0.36455143,6.09198804
1,0.25584796,0.42159714,5.65953159
1,0.24223954,0.40745954,6.78777031
0,0.21501148,0.35898942,6.21599465
0,0.27497564,0.40194306,5.87855662
0,0.24504104,0.42501672,6.38774769
0,0.23449731,0.42094904,6.99083372
1,0.22718337,0.32217011,5.70785579
0,0.27861816,0.45672375,6.27475932
0,0.30786839,0.43792693,6.52182804
0,0.30575217,0.46226123,6.49390186
0,0.27508482,0.43362758,5.39411668
1,0.25528884,0.4061591,5.70919012
0,0.27484284,0.41298256,6.03295493
1,0.25819583,0.40510731,5.67060727
1,0.23437494,0.40001514,5.88899158
0,0.26779595,0.38806329,5.90814753
0,0.2580044,0.42639965,6.46755533
1,0.19492165,0.35174332,5.70662936
1,0.23357686,0.36871627,5.75883608
1,0.22993544,0.35443087,5.71010336
1,0.25658668,0.4525325,6.72860738
0,0.22547584,0.38094514,5.77853633
0,0.30826485,0.46932945,6.41031468
1,0.24815377,0.37628924,5.7688474
0,0.26925288,0.40810356,7.59586747
0,0.28966634,0.44639648,6.55397438
1,0.16695499,0.3772174,6.18984727
1,0.22553417,0.32152256,5.69032086
1,0.22853787,0.40197408,5.88684919
1,0.31656986,0.44988039,6.09153777
1,0.17627165,0.39133063,5.77040132
1,0.22375693,0.33382484,5.43744672
0,0.2875778,0.43848777,6.67248789
1,0.25398065,0.37102628,5.45280873
1,0.17854962,0.34400924,7.89997484
0,0.23956307,0.38762366,5.80044534
0,0.28898061,0.44981958,6.83519778
1,0.29156785,0.45163427,5.62359626
0,0.2392772,0.40749036,6.9091389
1,0.25136731,0.34049308,5.19589373
0,0.28571613,0.46364669,6.73126588
0,0.31049128,0.45480761,6.45905088
1,0.25692961,0.44413108,5.8686336
1,0.2500327,0.35830374,6.0110028
0,0.20721204,0.27421183,4.85853073
1,0.28826219,0.41521582,5.53749905
1,0.29516511,0.47972814,6.38743
0,0.22567406,0.34988207,7.04558828
1,0.33293934,0.48827695,6.21032321
1,0.27431838,0.44127102,5.84461124
1,0.18973566,0.30748411,5.54765058
0,0.23109647,0.35807074,5.80011978
1,0.26905967,0.39698564,5.73731911
0,0.28987922,0.44555612,6.60551536
1,0.26196517,0.39135208,5.38782777
1,0.2556317,0.42179895,6.06611728
0,0.21636961,0.35956473,6.10934413
0,0.30292125,0.44438601,6.32059283
1,0.25143023,0.32654648,5.06994772
0,0.25750562,0.40460038,6.04475207
0,0.26663672,0.40365772,7.63873692
1,0.28696334,0.48362225,6.42456558
0,0.29213083,0.47572842,6.64623042
1,0.20044382,0.38058299,6.1007842
0,0.16794229,0.31892125,8.04853278
1,0.25099381,0.37949252,5.69807495
0,0.22073398,0.3590705,7.46942928
1,0.33141845,0.46625903,5.9213449
0,0.28555572,0.42138636,6.61295697
1,0.25213863,0.41208539,5.66845389
1,0.25263857,0.36398122,5.74504534
1,0.28056599,0.39765113,5.48084893
1,0.29259964,0.43805953,5.61702001
1,0.24634246,0.37573755,5.76388255
0,0.23956079,0.37887411,7.75350059
1,0.18115217,0.36115614,5.70801997
0,0.32342377,0.47219121,6.60151578
0,0.23902004,0.3700966,5.8467527
1,0.25009358,0.39483329,5.9173313
1,0.25861572,0.37361835,5.53523978
0,0.27010442,0.40727302,7.59733894
1,0.28731077,0.45595174,6.19532106
1,0.22362075,0.38694418,5.7901454
0,0.31474673,0.46794875,6.33139705
0,0.28005948,0.42559861,5.86130869
0,0.23968434,0.32968123,5.56228937
0,0.26599839,0.40879579,6.05195849
1,0.24950677,0.37198709,5.64828233
1,0.23143278,0.35532681,5.72733135
0,0.26182882,0.40671237,7.46215793
1,0.29525284,0.44783975,6.17223798
0,0.29005923,0.43813549,5.40735668
0,0.28469991,0.45139751,6.28429546
0,0.26397598,0.42070819,5.70996806
1,0.23221338,0.42080954,6.62372979
1,0.25827224,0.4283158,6.03219524
0,0.32773021,0.49824592,6.3771139
0,0.19935192,0.30751222,5.81429421
1,0.16166492,0.32671063,7.98672012
0,0.22334699,0.39147214,6.00214292
0,0.30392766,0.44231111,6.17965199
0,0.30328412,0.43020977,6.35927866
1,0.27414491,0.42908114,5.60467649
1,0.20040177,0.36633603,6.04257424
1,0.27887267,0.43427484,6.03666226
0,0.22620634,0.34657404,5.73257504
1,0.28099443,0.43704614,5.91220273
1,0.24375915,0.37894493,5.3669596
0,0.25350344,0.41602828,5.35763887
0,0.22234364,0.38875734,6.10879251
1,0.23881062,0.40671132,6.00258472
0,0.31800731,0.48424334,6.20577841
1,0.29413878,0.46200408,6.01264345
0,0.32684332,0.46652137,6.25479081
1,0.28157342,0.40173062,5.53928723
0,0.2250483,0.32157191,5.90908633
1,0.20886432,0.3433521,5.68724362
0,0.26082557,0.3816998,5.66750546
0,0.29274147,0.45731683,6.39557162
0,0.27526219,0.44852222,6.77983327
1,0.24506037,0.38843044,5.82334868
0,0.26968863,0.43364629,5.91069226
1,0.28291205,0.36615139,5.1764338
1,0.28157109,0.45058442,6.44771152
1,0.20649903,0.3228618,7.34243197
1,0.25745248,0.35593916,4.97456266
1,0.21154313,0.3735128,6.15220167
0,0.2554786,0.40679131,6.37907346
1,0.35643591,0.52089322,7.18438917
1,0.27586276,0.43852945,6.43692799
0,0.26027546,0.41358992,6.61184371
1,0.22770712,0.39747159,5.67708063
0,0.25861841,0.42610352,6.27048856
1,0.27777438,0.43846688,5.9823899
1,0.25613113,0.38593564,5.73975497
0,0.2474338,0.39118758,5.93077401
1,0.28215253,0.4476455,6.23551082
0,0.29755265,0.45774366,6.48898094
0,0.28762365,0.4393442,6.50931752
1,0.28238483,0.47230805,6.50564569
0,0.25912575,0.39363862,7.59233285
0,0.2822277,0.41879643,6.02721036
0,0.2379357,0.33851797,5.67406128
1,0.23103732,0.35447233,5.76518109
0,0.30000949,0.42495782,6.11076714
0,0.28493543,0.44183546,6.53679404
0,0.29224348,0.48145724,6.7387598
0,0.28563016,0.41995539,6.83530314
0,0.23313481,0.37386719,6.13674704
0,0.28992432,0.45347593,6.4125651
1,0.27532166,0.48405952,6.49642778
0,0.24744819,0.39663345,6.5109688
0,0.26922022,0.41697406,6.79731862
0,0.30202529,0.38998696,7.01565288
0,0.24050171,0.43328312,6.83221221
0,0.2432778,0.36056496,5.96375823
0,0.29509922,0.42121259,6.12349357
1,0.22659874,0.34358255,5.62055736
0,0.23123089,0.39514669,7.24113827
1,0.25925289,0.37855805,5.60248286
1,0.16800283,0.33291072,8.03860946
0,0.2784098,0.44397029,6.35699442
0,0.23620548,0.41593973,6.54788176
1,0.20106846,0.39322392,5.8029387
1,0.26116161,0.34743028,5.76556824
0,0.22841258,0.39044494,6.30875832
0,0.27521306,0.44470584,6.59330099
1,0.26928859,0.3819693,5.45054745
0,0.29286998,0.41586046,8.02666075
0,0.32106667,0.48848167,6.4922761
1,0.25576718,0.39116842,5.48329042
1,0.23353983,0.37175579,5.70073518
0,0.27896755,0.4379795,6.95908037
0,0.25916344,0.38897811,5.76419265
0,0.31921012,0.47590968,6.40671677
1,0.21442952,0.33868191,5.7338636
1,0.27349584,0.39678065,5.40582522
0,0.25609134,0.40536593,7.45235562
0,0.3196135,0.47254703,6.55795541
0,0.23067696,0.35663451,5.81515918
0,0.23965416,0.38712585,5.77129807
0,0.26890498,0.41703749,5.65990463
0,0.28492768,0.46353081,6.39074094
1,0.29366322,0.41667321,5.84877263
0,0.27005458,0.43887949,6.31753708
0,0.25291265,0.42654901,5.70020159
0,0.26987817,0.39280012,5.89336951
0,0.32343909,0.44041567,5.853731
0,0.27066095,0.39956107,7.49450392
1,0.2628214,0.43737631,6.23301362
1,0.20725168,0.35958561,5.86927216
1,0.26335472,0.3861832,7.02151037
1,0.21810721,0.35073014,5.44389541
1,0.30772644,0.41598207,5.58008842
0,0.3003009,0.38145512,5.2759945
0,0.27391297,0.42393832,6.54895168
0,0.23410595,0.37979208,6.00453154
1,0.24986098,0.39588494,5.90862595
0,0.30787871,0.43029779,6.37960666
0,0.23373331,0.35590252,5.66770746
1,0.2589873,0.42313391,5.73587429
1,0.19859443,0.39126124,5.81048525
1,0.27450243,0.43102865,5.39752075
0,0.28269526,0.40496536,5.99319633
1,0.31299535,0.45851437,6.08652639
1,0.20821734,0.32454602,7.31449331
1,0.30039161,0.45083945,5.78598291
0,0.21023368,0.32692811,5.9051194
0,0.29502034,0.45305986,6.79210043
0,0.32002719,0.46995526,6.44312038
1,0.24541821,0.36290831,5.66110164
1,0.22333304,0.37880318,5.80569464
1,0.23153504,0.38971441,5.51541306
1,0.3211778,0.46451532,5.79355385
1,0.31208213,0.4486943,6.02481965
1,0.24991012,0.44439363,6.2626716
0,0.25393727,0.42492103,6.31774135
1,0.17320268,0.32653386,7.6323615
1,0.21614076,0.42044799,6.34910269
0,0.27674638,0.41644186,5.99327045
1,0.23264936,0.37084703,5.71305682
0,0.29105659,0.4185564,5.31141734
1,0.27838826,0.41289182,6.31047665
1,0.25595621,0.43697186,5.61453918
0,0.24881344,0.39760912,6.74915519
0,0.30171301,0.42790743,8.0563807
0,0.26948026,0.39262268,8.20142367
1,0.26996026,0.48392169,6.29913362
0,0.28683418,0.48031618,7.14313316
0,0.31659488,0.4530458,6.29200251
0,0.25716539,0.44364702,7.39275605
0,0.24015692,0.43087417,6.33293218
1,0.24384387,0.39071021,5.29046113
0,0.21915577,0.33078943,5.6353697
0,0.2225338,0.3441607,5.59090713
1,0.27790774,0.39984736,5.88661081
1,0.2356458,0.3648159,6.00502825
1,0.2524782,0.45268271,5.79205102
0,0.2889368,0.44059066,6.64757522
1,0.24087415,0.36632466,5.20268363
1,0.09084626,0.25382654,9.07170279
0,0.2570589,0.34945107,6.11373924
0,0.23872961,0.3505045,5.85815119
0,0.24692599,0.39824771,7.42544538
0,0.30256803,0.46367478,6.28752332
0,0.30395417,0.45849627,6.66428761
0,0.24188103,0.33869067,5.65586614
0,0.30057147,0.46471825,6.38206491
1,0.23209097,0.3891379,5.88142854
0,0.22955293,0.34442263,5.58395228
0,0.26072746,0.37044253,6.1798941
0,0.27695111,0.43613979,6.30980887
0,0.29713703,0.4507994,6.34219378
0,0.21083564,0.41573967,6.14278675
0,0.25354869,0.39362255,6.70383307
1,0.25546447,0.36700344,5.3812499
1,0.2555286,0.31800029,5.0414164
0,0.27700687,0.45057142,7.56349079
1,0.23769523,0.41357664,6.00159987
0,0.30643659,0.45006069,6.26717504
1,0.23751357,0.34816893,5.65125027
0,0.19798077,0.37226075,7.09324778
1,0.25901572,0.40235199,5.63953498
0,0.27121164,0.41752905,5.12738092
0,0.2430937,0.36598008,6.21028845
1,0.22886263,0.34019134,6.58161928
0,0.23141025,0.36699953,6.27682702
0,0.21245789,0.34541256,6.08419126
0,0.28787892,0.42655791,6.38740411
1,0.26639815,0.4517422,6.27423512
1,0.2977966,0.40135796,5.94594131
1,0.27206703,0.41212526,6.10663126
1,0.21613725,0.38438636,5.89837834
0,0.29759074,0.43823095,6.03610827
0,0.32524961,0.45252496,6.37669846
0,0.22248224,0.34066367,5.96686027
0,0.283619,0.33211201,4.90633053
1,0.25964576,0.38920799,5.57285622
1,0.29094892,0.41895294,5.72585372
0,0.26251133,0.41748718,6.83474977
0,0.31006982,0.46007556,6.11508299
0,0.25997731,0.39496668,6.05379221
1,0.2716702,0.45305435,6.81337156
0,0.23230975,0.34619574,6.19489142
1,0.22376066,0.37581981,5.95994136
0,0.32562259,0.47268355,6.59666005
0,0.30210838,0.42758394,6.11657717
0,0.23253178,0.40995791,6.13136975
1,0.2460122,0.400831,6.08254867
1,0.26922256,0.4167341,5.87607198
0,0.25755984,0.36864464,5.92829995
0,0.276077,0.43945316,6.74687333
0,0.2830016,0.36807001,5.419987
1,0.25176668,0.36935984,5.38362245
1,0.25979529,0.42869363,5.94230181
0,0.30022429,0.49619447,5.96235215
0,0.22799064,0.37959201,6.45351907
1,0.26030095,0.37831691,5.68868686
0,0.29451458,0.44380517,6.33118363
1,0.21187329,0.3752008,6.15790448
0,0.21711959,0.32487831,5.87045375
0,0.26497996,0.4250627,6.43205042
0,0.25441133,0.37598261,5.79733158
0,0.30060223,0.44642491,6.51582637
0,0.24755409,0.38844464,6.08530235
0,0.25232245,0.3826125,5.97075031
0,0.26105432,0.40489166,6.24636927
0,0.25243053,0.37971796,6.19803005
1,0.2275423,0.36498147,5.51738233
0,0.2330199,0.38577003,6.24936488
1,0.29198103,0.44018692,5.80850425
1,0.22575808,0.35175407,5.48001909
1,0.22014614,0.33819621,5.61444117
1,0.25643459,0.4096395,6.15942267
0,0.25583312,0.3656053,5.95870735
0,0.29855178,0.44463027,6.41581188
0,0.27032934,0.39236745,5.63265295
1,0.18303995,0.38923081,7.2583673
1,0.20081836,0.38590851,5.98418762
1,0.27780924,0.40732173,5.82773077
0,0.28633885,0.41023314,5.86591587
0,0.29858625,0.45857747,6.21410293
0,0.31401226,0.47387469,6.36012988
0,0.22619685,0.36943487,6.05925727
1,0.24934857,0.39958077,5.93594889
1,0.2850047,0.38666933,5.47396806
1,0.25739637,0.38973582,5.88075634
1,0.24088664,0.33965265,5.65868254
0,0.29074153,0.43036333,6.14275114
1,0.29521867,0.47403083,6.17506972
1,0.22002211,0.34387937,5.96734498
1,0.24607066,0.36759117,5.711893
0,0.28473465,0.39337166,5.94940235
0,0.29021926,0.44301868,6.20638977
1,0.25024315,0.39501847,5.86387322
0,0.26024471,0.42606682,6.21137689
0,0.29168661,0.42926135,6.81606942
1,0.25582907,0.36304141,5.53143223
1,0.27298486,0.4148336,5.99966123
0,0.30024508,0.44989326,6.21993881
1,0.23813807,0.35276623,5.54466347
0,0.3021918,0.45785883,6.63886414
1,0.24329935,0.37400383,5.50570609
0,0.24402298,0.42612776,6.90215959
1,0.28642395,0.42324284,5.53390727
0,0.30261863,0.43970824,6.2888071
0,0.27912369,0.44884622,6.56873892
0,0.21694429,0.3633185,6.15223157
1,0.30100925,0.45598983,6.61108901
1,0.28765704,0.41708859,5.47580621
1,0.28777662,0.41007824,6.02263495
1,0.22445334,0.39730409,5.87548248
1,0.22469535,0.34008418,5.51541426
1,0.2640366,0.38147634,5.49751401
1,0.25306772,0.36252102,5.71604024
1,0.2862737,0.49247272,6.57103195
0,0.28783082,0.40888527,6.08099524
0,0.22697223,0.34421926,5.83615217
1,0.24245568,0.42386696,5.42211064
0,0.27296912,0.36901105,5.3706404
1,0.2910506,0.44731194,5.4399261
1,0.22213378,0.37416628,5.98133318
1,0.27091375,0.43123379,5.8896546
1,0.24028194,0.31649977,5.52888504
1,0.28132924,0.44428992,5.79959596
0,0.31775046,0.4515058,5.55183991
1,0.25408392,0.3595176,5.47655875
0,0.29762352,0.46399123,6.50592426
1,0.19936663,0.32924952,5.87993162
1,0.24980698,0.37418287,5.60486123
0,0.24331606,0.37833059,6.62279084
0,0.21593648,0.36526438,5.76199316
1,0.25486803,0.39497999,5.42907258
0,0.27559225,0.41307125,5.95332326
0,0.15369156,0.28530951,6.15301003
0,0.31035764,0.48899158,6.7060645
0,0.26240733,0.37281485,5.65314486
0,0.2770997,0.42066345,6.45856933
0,0.25235781,0.42470961,6.35264332
0,0.28355112,0.42660133,5.20476712
0,0.26451529,0.44216737,6.54191424
1,0.09113971,0.25405437,9.02594602
0,0.32645042,0.47980873,6.51967781
0,0.29983232,0.45115135,6.68815709
1,0.25508072,0.41619197,5.95253981
1,0.23597785,0.37492542,5.63064407
1,0.25009256,0.37358691,5.81497798
0,0.26314305,0.4057232,7.48841814
1,0.2853145,0.46006356,5.80859278
0,0.28825982,0.4285993,6.15330722
0,0.31740843,0.44931036,6.86935468
0,0.289417,0.44205504,6.46109391
1,0.3046623,0.44057622,5.77370378
1,0.25788573,0.37452343,5.57913696
0,0.2607608,0.40335134,6.22983621
0,0.27282863,0.41989565,6.58527052
0,0.27645776,0.39947997,5.60079227
0,0.24704262,0.40370844,5.95204063
1,0.22165677,0.35754669,5.98194536
1,0.24447932,0.37283749,5.34495464
1,0.21963845,0.34355862,5.97350274
0,0.2080507,0.33132203,5.87710125
1,0.23925228,0.33447317,5.66478982
1,0.28936896,0.44834521,6.04475053
0,0.23272019,0.33310016,5.58065801
0,0.26578091,0.40220658,7.52383606
1,0.24568422,0.40933113,5.52864703
1,0.29943779,0.47468597,6.21338296
0,0.25569131,0.36822073,5.61518472
0,0.21807397,0.3542475,8.02344779
0,0.29701962,0.45955296,6.63410473
0,0.21788185,0.34700893,6.15968294
1,0.23697078,0.37016295,5.8343048
0,0.22362638,0.38429088,6.26761423
1,0.22113086,0.40560043,6.48054376
0,0.27984735,0.45063304,6.26131718
0,0.27191714,0.44019836,6.17077469
0,0.24455024,0.42490502,6.07087235
1,0.26889584,0.36484575,5.2892433
0,0.18818359,0.36174017,7.06459855
0,0.26467223,0.40849531,7.45667919
1,0.28718133,0.41708326,7.10709314
1,0.2364245,0.42498978,6.31814318
0,0.2969267,0.45039558,6.03782743
1,0.16146051,0.33036071,8.05033615
1,0.24716267,0.365932,5.51696549
1,0.23619734,0.38205602,6.92015452
0,0.30578529,0.45633097,6.65671408
1,0.27517843,0.4042891,5.69744762
0,0.27945267,0.41717522,6.19685936
1,0.18957775,0.31573863,5.83414657
1,0.35001065,0.45532154,8.38626168
1,0.31456176,0.47860172,5.82606883
1,0.21595839,0.3488642,5.70806759
1,0.23561714,0.38516944,6.98103755
0,0.29451644,0.40603084,6.13075346
1,0.11828453,0.28182231,8.04620377
1,0.25857255,0.44162042,6.28696252
0,0.29528272,0.45020542,5.58142774
0,0.27092952,0.41566374,6.18134022
1,0.2563909,0.3872997,5.80240321
0,0.27634282,0.43478757,6.67612892
1,0.23664387,0.37769978,5.62357647
0,0.26913171,0.43995144,6.65699907
0,0.26967015,0.41118717,7.54699756
0,0.20450132,0.33641052,6.23713093
0,0.31844581,0.46653907,6.26688503
1,0.24382905,0.36663151,5.96875459
1,0.26721294,0.42261855,5.90774937
0,0.30585571,0.48765502,6.50603794
0,0.30203366,0.40729064,5.15971791
0,0.26789305,0.35688208,5.88352808
0,0.24784496,0.37129088,6.0109145
0,0.24490507,0.35987422,5.9537507
0,0.30150935,0.44821396,6.83863267
0,0.30208681,0.48398127,6.81616417
0,0.28262212,0.39222373,6.01713069
0,0.34245835,0.46528402,5.6299053
1,0.25361355,0.40065956,5.59176511
0,0.22396241,0.35372301,6.01216391
0,0.20973667,0.35364667,6.1468855
0,0.24647822,0.34847575,5.45935866
1,0.28028138,0.44258336,6.18036616
0,0.22711376,0.33681891,5.91135258
0,0.27009801,0.44834781,6.8235099
1,0.24328552,0.38023771,5.83825103
0,0.27950418,0.45230646,6.36167594
1,0.26073495,0.43164673,5.7132871
0,0.32535815,0.46991631,6.26955815
1,0.27967129,0.4572529,6.32081448
1,0.27186299,0.45227125,6.370592
0,0.30337912,0.41560851,6.94336793
0,0.24521992,0.42396202,6.8717142
1,0.24041299,0.37646105,6.46076993
1,0.13933406,0.29970344,8.23867812
1,0.24938049,0.40168019,5.36756357
1,0.24060282,0.37648143,6.58838756
0,0.29668784,0.41769438,6.11157577
0,0.2908266,0.45214342,6.06933395
0,0.2142675,0.33924389,6.1176922
0,0.28856172,0.43358542,6.6573376
0,0.307993,0.4653386,6.37858986
0,0.23169012,0.37684839,6.41684269
0,0.29692612,0.44811823,6.41222169
0,0.27219611,0.40022636,6.05595346
0,0.23173189,0.4085142,7.06443485
1,0.25490658,0.36268106,5.51809556
0,0.27323041,0.42358281,6.55020247
0,0.25892731,0.4320048,6.48749568
1,0.26223661,0.37249491,5.34666444
0,0.22695148,0.33579814,5.79038421
0,0.3067815,0.45826644,6.64141771
0,0.23871377,0.36558626,7.86345258
1,0.21052372,0.34708705,5.67327298
0,0.26446677,0.40630989,5.7904863
0,0.29974608,0.43692729,6.32187562
1,0.24443983,0.38440111,5.40356077
0,0.27135264,0.41408168,6.07689821
0,0.29543572,0.45498205,6.62692523
0,0.2732114,0.40878098,6.0372001
1,0.19866108,0.32823124,5.87090731
0,0.18539817,0.34450716,6.41922193
0,0.28913648,0.43656093,6.19167403
0,0.25035094,0.38777069,6.26847657
0,0.30543064,0.4286043,6.30488527
0,0.28392431,0.43870692,6.11426703
1,0.25199124,0.38210278,5.26929253
1,0.24505501,0.35944872,5.53941129
1,0.27192195,0.43041985,6.22531217
1,0.24520844,0.34666575,4.90772961
0,0.25385758,0.42628555,5.64711242
1,0.28389045,0.4781729,6.70919591
0,0.30256197,0.39699336,6.62340059
0,0.28780473,0.44662519,6.09326065
1,0.31943201,0.46605812,6.7800408
0,0.28336252,0.42194739,6.50232871
1,0.19915902,0.37816026,6.10647943
1,0.14255134,0.30101502,8.09305631
1,0.21990821,0.36085075,5.59363748
0,0.28540492,0.42080888,6.60727943
0,0.23589349,0.38186635,7.30199428
1,0.23704283,0.43188284,6.13401287
1,0.28714943,0.48051592,5.95348129
1,0.28202119,0.39445481,5.04131813
1,0.24272002,0.34469674,5.54710531
1,0.21719491,0.35787708,6.20306505
1,0.22368682,0.35257481,6.14792129
1,0.22368692,0.38266371,5.53750772
1,0.12888938,0.30317819,7.79175603
0,0.18817241,0.33047296,7.71115952
1,0.2279961,0.35576094,5.49083048
0,0.24798653,0.4041116,6.09956438
1,0.2682014,0.41260395,5.90262587
0,0.22556621,0.34609782,5.67287371
0,0.29855347,0.45853744,6.57695945
0,0.28639821,0.39156551,5.49440918
0,0.28815547,0.46624757,6.2839171
1,0.2637337,0.40542615,5.89484704
1,0.26145726,0.39021915,5.15230541
0,0.28189147,0.39163159,6.45481697
0,0.25441892,0.3709549,6.03393599
0,0.32163544,0.46885909,6.70611915
0,0.30191106,0.43126489,6.84067985
0,0.24613136,0.39616253,7.13222192
0,0.26371149,0.4272417,7.14150089
1,0.31514619,0.47702958,6.2235596
0,0.24696492,0.3965837,5.54591065
1,0.21075227,0.34526786,5.71959773
0,0.28260227,0.45018565,6.85928562
1,0.25306104,0.40424795,5.97838517
1,0.28138757,0.39531428,5.70264147
0,0.23049346,0.42677648,6.94070687
1,0.23603176,0.35936869,6.00194749
0,0.31170653,0.426708,7.75655514
0,0.29320098,0.44125812,6.07179671
1,0.23152718,0.34996017,5.77578257
1,0.27363556,0.39045886,4.99179857
1,0.25829848,0.45740594,5.91157152
0,0.26647393,0.414234,6.71529812
0,0.31489264,0.4617238,6.29609315
0,0.29906168,0.44871707,6.45767996
0,0.28266369,0.428521,6.21479132
1,0.27631453,0.45332204,6.08699566
0,0.32410067,0.46630046,6.21230723
0,0.28697151,0.43585123,6.4076691
0,0.22987756,0.35714174,5.9593643
1,0.27298058,0.43712399,6.34537597
0,0.29888818,0.39120714,6.75382174
0,0.30734547,0.43632924,7.64858
0,0.23867538,0.38914929,6.552375
1,0.27975164,0.46073937,6.17754978
0,0.28339175,0.45050964,7.40697601
0,0.2517724,0.40024161,5.87787046
1,0.18083994,0.28551262,5.58551458
1,0.17678748,0.38920747,6.46239012
1,0.24420776,0.3492959,6.01243517
0,0.2622794,0.4099515,6.08686177
1,0.23440331,0.37258071,5.86478236
1,0.25222552,0.41273581,5.79885794
1,0.1914687,0.37263707,5.90569308
1,0.22010088,0.32776723,5.04788682
0,0.21770597,0.33460967,5.72753108
1,0.24188173,0.40964903,5.48656095
1,0.27023854,0.36707413,5.29825157
0,0.29999635,0.44371869,6.67980572
1,0.28183189,0.39677695,5.32417659
0,0.29035092,0.43965562,6.0921256
0,0.24363936,0.41444359,7.12115006
0,0.2828196,0.45313912,6.59087474
1,0.24661589,0.38998152,5.24549288
0,0.29399209,0.417159,5.86493878
0,0.25588513,0.44633535,6.7839461
1,0.25778207,0.42383174,6.55816326
0,0.28852127,0.44260987,6.57108808
1,0.28344216,0.39308535,5.10105769
0,0.28015996,0.41217589,6.16398816
1,0.24949982,0.41107139,6.16917805
1,0.28457306,0.48117107,6.47983483
0,0.27994496,0.44596981,6.00624406
1,0.20623795,0.38359624,6.22912181
1,0.29935343,0.44586396,5.98538268
0,0.28597532,0.42271753,6.61532255
0,0.33069792,0.49041565,6.35817307
1,0.22254522,0.39854639,5.55511869
0,0.27666013,0.44262255,6.35990297
0,0.31013997,0.47748591,6.22457273
0,0.27202807,0.43465486,5.82614083
1,0.21249348,0.36403407,7.40215838
0,0.30857977,0.46252551,6.27747413
1,0.18536585,0.40961157,6.92057967
0,0.23743343,0.37693292,5.98608363
1,0.22377056,0.3750903,5.36650159
0,0.278664,0.41073512,6.36196204
1,0.27476686,0.42759688,5.58215065
0,0.25825066,0.3727407,5.59397225
0,0.22785281,0.34656595,5.58883546
0,0.25112857,0.39278572,6.00354329
0,0.21000844,0.33066173,5.64206236
1,0.24408871,0.36550024,5.97447573
0,0.30076787,0.41824494,5.54179722
1,0.22163191,0.32704935,5.98282288
1,0.2805503,0.44511467,5.91907988
0,0.254575,0.38262106,6.20037022
0,0.31148875,0.43937189,7.19940536
1,0.22703291,0.39841627,5.66502632
0,0.28575145,0.44279857,6.50040909
0,0.27601373,0.43773157,6.76891286
1,0.2740421,0.43966008,6.41006697
0,0.2320025,0.33919239,5.59419547
1,0.24884034,0.42502103,5.81699803
0,0.21521754,0.32653799,5.73940923
1,0.23017292,0.35461067,5.66087485
0,0.30459335,0.428092,6.40303548
0,0.26415023,0.40701533,6.10414434
0,0.27359741,0.38662312,5.74434794
1,0.19687747,0.40249728,6.29244761
0,0.21250334,0.349989,5.77543061
0,0.2849038,0.42898257,6.87419614
1,0.12379687,0.31072263,7.94169722
0,0.32196337,0.45617469,5.83621957
0,0.31757667,0.46594713,6.16060374
1,0.2922205,0.40847055,5.89661145
0,0.22942217,0.33572782,5.6454057
0,0.26505564,0.41824207,6.84597076
1,0.2523458,0.392133,5.53319962
0,0.27450358,0.43745836,5.68213304
1,0.29662245,0.48080992,5.78566026
0,0.27808248,0.4080215,6.06744826
0,0.25495226,0.36171548,5.76748834
0,0.27277659,0.41558826,6.37088074
0,0.28046022,0.43102696,6.64040942
1,0.30241494,0.37884278,5.22215165
0,0.28593846,0.44633122,6.66936275
1,0.20707253,0.35921381,7.18834464
1,0.30256312,0.3800122,5.21659926
0,0.25872659,0.42658883,6.52801912
1,0.32282055,0.45100539,6.22925638
1,0.24966729,0.39270042,5.81002139
1,0.24674128,0.41205254,5.5491952
0,0.23658096,0.36593333,5.6586125
0,0.28379834,0.44664542,6.14091583
0,0.22236484,0.40986074,5.74703056
1,0.23925164,0.3831334,6.36251826
0,0.23206814,0.38745164,6.68003532
0,0.28361259,0.41338532,6.2969041
1,0.23192774,0.37905923,6.06410769
1,0.24286366,0.37943781,5.79179156
0,0.24189902,0.37216048,5.85441494
1,0.24596572,0.37414501,5.3673379
0,0.23266253,0.35344935,6.00896501
0,0.29929732,0.45368518,6.16421583
1,0.21313322,0.3755467,5.84007622
0,0.26930802,0.40347212,6.1282449
0,0.20323162,0.26917733,4.86914851
0,0.25470112,0.40080747,6.23144348
1,0.24912389,0.37584001,5.57106747
1,0.23914075,0.34109416,5.27568899
1,0.26029239,0.36815254,5.56168181
0,0.26249901,0.41412964,5.8881197
1,0.22978553,0.38477947,5.84933412
1,0.30396339,0.48843038,6.10292029
0,0.2805222,0.41836222,6.53731808
0,0.26222343,0.41804501,6.12084475
0,0.28001282,0.44599961,6.55448726
0,0.28691044,0.46565192,5.68955387
1,0.34905037,0.50164104,7.29293873
1,0.26959968,0.4222595,5.68838003
1,0.23485169,0.41720356,5.66803969
0,0.27880942,0.34685328,5.26686428
0,0.29218293,0.39483629,5.78758829
0,0.25494438,0.41700968,5.99662432
1,0.22568608,0.38031121,5.71670188
1,0.22377315,0.32791953,5.82537881
0,0.27893903,0.46136138,6.52382325
0,0.28359889,0.45560087,5.90938554
0,0.24165292,0.39068453,6.46500555
1,0.25504129,0.35758688,5.87694082
0,0.29069294,0.45403157,6.54713976
1,0.27962153,0.44630351,6.04716333
1,0.24298641,0.34468018,5.54274315
1,0.31907881,0.49749389,6.66498695
0,0.29756528,0.4369092,6.77727947
1,0.25249585,0.36819962,5.46019726
1,0.27892328,0.45101486,6.40901412
1,0.23065422,0.41747917,5.5867065
1,0.14103093,0.32248433,7.98945412
1,0.20898384,0.37918557,5.71374673
1,0.24419855,0.3931685,5.31993494
1,0.25170166,0.36567163,5.65094074
0,0.2606391,0.43509023,6.48521297
1,0.27319264,0.40999113,5.8424823
0,0.28823314,0.44162082,6.18612833
1,0.1557242,0.31766401,8.08445485
0,0.31839531,0.47053288,6.38329074
0,0.29988053,0.43617818,6.11133613
1,0.27909751,0.44351546,5.85781459
1,0.25492904,0.35653595,5.88082499
0,0.26509454,0.3970903,6.45509482
1,0.22688645,0.38253083,5.52396651
0,0.30503057,0.43620598,6.15350988
0,0.2735226,0.40193797,5.396221
1,0.19394514,0.37451685,5.69113783
0,0.28127395,0.40767595,6.13587885
1,0.29469463,0.44616225,6.04165689
0,0.30757822,0.46910463,6.04611484
1,0.23126088,0.34872196,5.77706508
0,0.30186907,0.46977306,6.50252715
0,0.3250687,0.46680712,6.19629524
0,0.22990364,0.34660729,5.70228032
0,0.23269818,0.3555421,5.58524886
1,0.19409058,0.37359647,7.07884021
1,0.29476548,0.44792766,5.61864674
0,0.27499974,0.42699889,6.29042257
0,0.27792517,0.4315241,5.80619497
0,0.28425492,0.41301522,6.21631505
0,0.29291518,0.42957541,6.4743997
0,0.20415543,0.3322489,6.14525678
0,0.25470835,0.39026355,6.60579804
1,0.27878581,0.44837915,6.21948011
1,0.23853832,0.42813818,6.26111746
1,0.28162622,0.44358981,6.61767705
1,0.30658903,0.44963574,6.30463994
1,0.25273516,0.34522754,5.20213405
1,0.26343883,0.37250104,5.72888571
1,0.25516052,0.37955407,5.54018394
0,0.23193183,0.36004468,5.96579046
1,0.21743978,0.3159221,5.25374524
1,0.26648213,0.37762111,5.61167903
1,0.29396439,0.43000768,5.82486026
1,0.27040323,0.39859575,5.19909238
1,0.23370969,0.39491514,5.74276868
1,0.20745157,0.37087805,5.82200869
1,0.27752452,0.40820411,6.08549694
0,0.18137457,0.34170883,7.36630142
1,0.24853777,0.4557065,5.87133516
0,0.23261479,0.40891905,7.05599801
1,0.24734059,0.36750191,5.5262259
1,0.32132238,0.47228604,7.12651221
1,0.23678504,0.35868954,5.64403464
1,0.22536962,0.4367086,6.3533658
0,0.29569275,0.45781026,6.39331735
1,0.2837339,0.47616506,6.46367632
0,0.25559547,0.36814357,6.16568613
1,0.27656711,0.39596902,5.6630577
1,0.27445495,0.43016743,5.62599294
1,0.2114459,0.34532631,5.65829008
0,0.29789446,0.47162353,8.40243928
0,0.27583195,0.4178448,5.42978844
0,0.24808477,0.3708628,6.01651942
0,0.27430457,0.45483115,5.99541097
0,0.1869939,0.32249563,6.21658628
1,0.27219744,0.39641924,5.96538393
1,0.30395562,0.45358235,5.7770178
1,0.25077666,0.42003724,6.52092957
1,0.18776432,0.37548664,7.1184138
1,0.22409539,0.36463543,5.90261492
1,0.26324889,0.37362455,5.37470561
0,0.29420452,0.40640724,5.95461916
0,0.30139836,0.4345328,6.73250242
1,0.28758565,0.42456988,5.89976109
1,0.23668259,0.33448982,5.76586815
1,0.24069872,0.3841213,5.73907395
0,0.3000334,0.42476972,7.55276791
1,0.27042892,0.44403567,5.94722018
0,0.29694392,0.45065585,6.3941554
0,0.22395444,0.35060022,5.67072287
0,0.28684148,0.45612838,6.90452878
1,0.29737945,0.46493695,6.21804863
0,0.270315,0.40187919,7.37581695
0,0.28948057,0.44911082,6.2547969
1,0.27183522,0.45967982,5.997045
1,0.29680936,0.42991749,5.50601075
1,0.2493698,0.35590502,5.51064231
0,0.28632845,0.42208133,5.86104388
1,0.30670989,0.46630852,6.86571546
1,0.25220767,0.36137984,5.52630369
0,0.22009429,0.35998581,7.15790748
0,0.34265137,0.46464578,5.62638569
0,0.26767102,0.40840017,6.00950197
0,0.28875241,0.40560883,6.25260798
1,0.24446336,0.34475803,4.91891689
0,0.27265881,0.40336391,7.42991039
1,0.17976271,0.35158158,7.76110215
0,0.2374954,0.35170156,5.76803952
0,0.31897243,0.4786898,6.46862342
0,0.2417048,0.38970645,6.7533934
1,0.24325564,0.4028545,5.91189757
1,0.24832628,0.435804,5.80382176
1,0.24318127,0.36691272,6.23816592
1,0.15336864,0.32553587,8.00298398
1,0.21687496,0.35764801,5.66384855
0,0.29855579,0.44622054,6.26374534
0,0.30421703,0.47815792,6.472708
0,0.30627142,0.46835652,6.58803452
0,0.27307399,0.36398668,5.90684054
1,0.29384957,0.44953722,6.18065322
1,0.2652892,0.42477128,5.60969996
1,0.23777465,0.3244642,5.81999449
0,0.22668429,0.3721454,6.0356236
1,0.28577387,0.43799877,5.65422534
1,0.29183371,0.46158072,6.28819273
0,0.30674917,0.47348882,6.75271605
1,0.25875015,0.41336026,5.92849232
0,0.2835263,0.46187055,6.24684851
0,0.31629319,0.46370292,6.0374649
0,0.25803039,0.4273789,7.7214159
0,0.28229708,0.4232638,6.42812962
1,0.23043383,0.34667179,5.55847503
1,0.26703741,0.42124338,6.23739938
1,0.23952835,0.37362692,5.66055441
0,0.35076495,0.49349415,6.38507685
0,0.2362695,0.3872825,6.53400173
0,0.26877149,0.46583104,6.51785878
0,0.23346036,0.35176453,6.03400582
0,0.30610713,0.45622984,6.19838374
1,0.28296421,0.41408205,5.63678314
1,0.13776358,0.30803406,7.93175659
1,0.25547263,0.3848935,5.7563955
0,0.33104463,0.468975,6.37179524
0,0.29649459,0.44261034,6.00298576
1,0.28930248,0.44767534,5.63455961
1,0.20514711,0.33697813,5.6245146
1,0.22215232,0.37263903,5.79574952
0,0.28855729,0.4206093,7.72491128
1,0.30177276,0.42147657,5.94670926
0,0.21510771,0.35145828,7.21132016
1,0.25281101,0.40574811,5.96551453
0,0.30632156,0.43847064,5.99574486
1,0.30265221,0.46843477,6.33599183
0,0.22031325,0.36033091,6.39362006
0,0.22778829,0.34870598,6.10305676
1,0.30199701,0.4587271,6.56826138
0,0.25259981,0.40028839,6.09174582
1,0.27758917,0.43319265,6.02780404
0,0.26321646,0.39734107,6.13200618
0,0.30153267,0.42937836,6.29152715
1,0.2605559,0.40293996,6.11109878
1,0.23138413,0.3526429,6.00984598
1,0.22414662,0.39616823,5.89773666
1,0.29060395,0.49025337,6.48036006
0,0.27631283,0.41819693,5.79792769
1,0.30238547,0.45904125,5.87717272
0,0.2991919,0.4647003,6.66292904
0,0.29945351,0.46370234,6.53694029
1,0.2452006,0.38238557,5.65075172
1,0.27383811,0.44462445,5.93664105
0,0.26532701,0.45052432,6.35803212
0,0.27454766,0.40423315,5.85621768
0,0.31680311,0.46512357,6.13104051
0,0.27602179,0.40702763,5.25612592
0,0.26629206,0.40462541,6.01999318
1,0.24823343,0.33888143,5.51114929
0,0.21591063,0.39008042,6.10395096
0,0.3102796,0.47914878,6.3331577
0,0.24253408,0.34452552,5.37318255
0,0.20946342,0.36907686,5.745215
1,0.25677714,0.42757131,5.77210768
0,0.22558793,0.3309604,5.972565
0,0.28367423,0.4450526,6.31957972
1,0.11850771,0.25544071,9.00474369
0,0.23611498,0.39524651,7.1799687
1,0.24777833,0.43332612,6.10458165
0,0.23974997,0.3887104,6.44875624
0,0.30269361,0.47836003,6.6859242
0,0.25243885,0.41057644,6.20745694
0,0.29786051,0.45236885,6.62578635
0,0.22589809,0.35867405,5.92856058
0,0.31062863,0.47196377,6.67581682
1,0.21122735,0.3472339,5.91031128
1,0.2387736,0.34406187,5.5564602
1,0.25715219,0.39114002,5.87566366
1,0.33673149,0.46727777,5.90179878
0,0.32857824,0.44357962,6.14037972
0,0.27689056,0.43390707,5.91973434
0,0.30318996,0.45435572,6.27750531
0,0.27743479,0.45483295,6.57707724
1,0.28599252,0.42159283,6.10389796
0,0.30610537,0.46382922,6.33296658
1,0.25060675,0.41188372,6.17080694
1,0.22558839,0.32216058,5.6843005
0,0.23517375,0.3456325,5.75401298
0,0.24733401,0.35037774,6.25504924
1,0.24782537,0.36348658,5.88181515
1,0.24755967,0.38510626,5.78929783
1,0.23253094,0.43084735,6.28215976
1,0.24045881,0.33551293,5.58604025
1,0.23843338,0.40528854,6.01394736
1,0.28876229,0.44354625,5.98021717
0,0.29448024,0.43645479,6.331817
0,0.2685651,0.41073912,5.98571182
1,0.27103286,0.41469766,5.10426476
1,0.24328949,0.43822907,6.69751636
1,0.27879734,0.44689461,6.21343954
1,0.16600863,0.33316584,7.91217055
0,0.20288112,0.31648193,5.64887038
1,0.282376,0.47012861,6.42407008
1,0.25532741,0.3733264,5.91822815
0,0.23700467,0.39153301,6.36038461
1,0.25984639,0.44049124,5.84945691
1,0.2429203,0.38815117,5.81090425
0,0.21955296,0.33266479,5.66038933
0,0.30483498,0.44521013,6.02976883
0,0.28974871,0.46294631,6.22674126
1,0.17250612,0.34407523,7.91895156
1,0.28188181,0.4609207,5.98288985
1,0.36196236,0.49249194,6.28660363
0,0.34477508,0.40183541,6.86827764
0,0.29549458,0.442216,6.58802807
0,0.30241796,0.45493698,6.26482763
0,0.28643082,0.46475613,6.59988058
1,0.2139388,0.3462431,5.51993102
1,0.27520439,0.40942944,5.78507785
1,0.25164191,0.45511476,5.7232708
0,0.30205868,0.47170029,6.32347639
1,0.25807728,0.37138093,6.01411693
0,0.31675114,0.4377134,5.92338223
1,0.30712119,0.46245147,5.90204752
0,0.31164421,0.44505487,6.20565177
1,0.27488648,0.36580421,5.62524368
0,0.28133053,0.4040409,6.2425353
0,0.29561993,0.45745064,6.5306308
0,0.21966197,0.35298879,5.834118
0,0.31601261,0.43629227,7.04948235
0,0.23985413,0.36363103,5.63770999
0,0.27673124,0.45147616,6.98466085
0,0.30254425,0.44721093,6.25043617
0,0.2929221,0.44605694,6.60525637
1,0.25738934,0.40974288,6.16651265
1,0.27260832,0.4142656,5.54422449
1,0.2315204,0.40758467,5.89415348
1,0.25624493,0.442259,6.58377193
1,0.24043627,0.35135559,5.63643569
1,0.25242447,0.40378219,5.93937732
1,0.28013301,0.4815712,6.52391659
1,0.26564462,0.40669486,5.29827567
1,0.13918356,0.28800369,7.17927821
0,0.33173807,0.49097426,7.67309989
0,0.3121908,0.45790358,6.45345081
1,0.31776154,0.44587741,6.27794824
0,0.31742366,0.46210376,6.7860281
1,0.25658142,0.38687282,5.5098127
0,0.30996373,0.43027652,8.08176903
1,0.21450723,0.38986739,5.5709738
0,0.32251271,0.45046701,6.11956691
1,0.28120113,0.44262639,5.68953299
1,0.24239754,0.37522175,5.98705834
0,0.2747213,0.4237738,6.42117017
1,0.21734277,0.37360184,5.68159545
1,0.24642041,0.38682664,5.74608377
0,0.2246775,0.44142678,6.42706839
1,0.27377747,0.41406649,6.08267884
0,0.26837839,0.44713218,6.57266438
1,0.30614309,0.47081397,6.06632527
1,0.20371724,0.32940316,5.4906736
1,0.23838762,0.40579253,5.36586904
1,0.25880617,0.4079472,5.40017234
0,0.2903659,0.4506993,6.90285413
1,0.22557829,0.34138363,5.55321071
1,0.22265885,0.31998944,5.98384986
1,0.25495608,0.44673803,5.84504454
1,0.30644106,0.46106153,5.90697361
0,0.25574213,0.4441322,6.73052087
1,0.23131956,0.34873173,5.96516993
0,0.24185798,0.3811874,6.20720966
0,0.27878307,0.42340352,5.22483157
0,0.24221535,0.37902813,6.01954134
0,0.34135516,0.4867877,6.37747858
0,0.29709082,0.43838253,6.62293755
0,0.21874422,0.35222203,6.06206562
1,0.25763546,0.37049097,6.02010453
1,0.25866258,0.42328513,7.20527161
0,0.27189593,0.43563417,5.67115268
0,0.30919357,0.43464897,6.06721915
0,0.25261952,0.39958785,5.96899339
0,0.27356021,0.40533532,6.15201272
0,0.26179368,0.39987755,7.56613553
0,0.296292,0.45425396,5.80488509
1,0.28900236,0.42565537,6.48302451
0,0.29614025,0.44742965,6.43268683
1,0.24159672,0.38429196,6.34890491
0,0.26843899,0.3882496,6.27761299
0,0.27686564,0.41421194,6.46960453
1,0.25039067,0.36642013,6.18128624
0,0.2722319,0.40768108,6.09297397
1,0.26288074,0.4034839,5.88104675
1,0.15818765,0.33327851,7.93712304
0,0.23466378,0.3791457,5.99717017
0,0.28780976,0.42850508,5.82638165
0,0.32987972,0.47563801,6.64712153
1,0.29015598,0.47575729,6.36143155
1,0.16202554,0.35924818,5.75253995
0,0.29505378,0.46479024,6.71986666
0,0.29107473,0.44205455,6.57307052
1,0.25191752,0.34781314,5.96972533
0,0.30636169,0.45802407,6.16957569
1,0.2706785,0.44096822,5.92021353
1,0.29429898,0.46052699,6.00270841
0,0.26149886,0.33851025,5.87850399
0,0.29643218,0.45028212,6.50915224
1,0.24019815,0.40324448,6.69372869
1,0.29456361,0.45298646,5.98664225
1,0.23336753,0.33715881,5.45248774
0,0.23753303,0.39714349,6.5451903
1,0.30249424,0.44717344,5.93343451
0,0.27396005,0.42844576,6.10551477
0,0.28546767,0.43011561,6.88560378
1,0.21272209,0.37552894,5.84370232
1,0.270443,0.44465726,6.14189353
0,0.25461207,0.37123938,6.0287337
0,0.32682562,0.47876955,6.51778078
1,0.28469795,0.45677127,6.39742731
0,0.21976956,0.32294061,5.90591522
1,0.25430947,0.40055431,5.95762959
0,0.15465018,0.28739871,7.49875671
1,0.28415265,0.48577969,5.98278246
0,0.28301084,0.33329076,4.91551684
0,0.32131056,0.45078711,5.99259918
0,0.28325377,0.37096102,5.14887539
0,0.28003617,0.41903637,6.16172699
1,0.24542823,0.38476845,5.89939421
1,0.23818525,0.36625474,5.80983878
1,0.20553656,0.33867625,5.4257967
1,0.30388802,0.42649353,5.9252626
1,0.25136996,0.36004093,5.29472469
1,0.2318714,0.3818579,5.64716542
0,0.32011,0.4668728,6.12555315
0,0.28128303,0.4282118,6.23749037
0,0.28068454,0.42771167,6.40296381
0,0.30292881,0.45609542,6.68570451
1,0.25103577,0.41364625,5.6714734
1,0.28695671,0.42489885,5.73202556
0,0.29387365,0.4497935,6.61427728
0,0.3173195,0.47408011,6.02631024
1,0.26487611,0.38617227,7.0317449
1,0.24231867,0.40647165,5.62565143
0,0.32208315,0.44228968,6.43323605
0,0.21395717,0.34340822,5.54600323
1,0.21823193,0.40202109,6.42888954
1,0.25138996,0.40734691,5.82203735
1,0.25935706,0.40978539,5.77687099
0,0.30566098,0.43744337,5.97816232
0,0.25741947,0.40863817,6.50711467
1,0.22097398,0.32672923,5.44998799
1,0.22367421,0.35398064,5.90989418
1,0.15804016,0.32697138,7.9828983
1,0.27684559,0.39197706,5.44733382
0,0.25921331,0.40753461,6.05589925
0,0.26196557,0.45163814,6.76831116
1,0.29769759,0.44750577,5.73577613
1,0.19800047,0.32186037,9.1215822
1,0.31030815,0.5038499,6.32353961
0,0.28473784,0.43797638,6.22370904
1,0.28805352,0.46084259,6.17598119
0,0.27244427,0.39206894,6.09324721
1,0.27489252,0.46562543,6.40897806
0,0.30586982,0.46087519,6.57100256
0,0.26926538,0.43684988,6.36114144
0,0.33884351,0.48848313,6.60281761
0,0.24287268,0.40683246,6.18005933
1,0.25221383,0.4149631,5.75065812
0,0.23172203,0.36407807,5.88900372
1,0.26536226,0.38173126,5.7912896
1,0.2716777,0.37744357,5.61476659
1,0.21005533,0.34729986,5.63613741
0,0.22683393,0.38025494,6.54663425
1,0.23248705,0.39609263,5.96758084
0,0.30469984,0.45089995,6.42036207
1,0.22355037,0.36162777,5.85145755
0,0.22302198,0.35344716,5.69221273
0,0.30575464,0.47093281,6.31371993
1,0.24000951,0.37640009,6.46917399
1,0.26603351,0.43662778,6.01575313
0,0.22486282,0.41804718,6.67358538
1,0.26795625,0.41772763,5.7963106
1,0.31763422,0.42773518,5.79379423
0,0.26669248,0.44791277,6.49188959
0,0.26401882,0.39127241,5.97068347
1,0.23829867,0.42115547,6.0619686
1,0.27607688,0.45403383,6.09059478
0,0.29367915,0.44147478,6.63538095
1,0.26483471,0.36744078,5.03987582
1,0.13859927,0.31126637,8.20665381
0,0.27506919,0.42104889,6.3565233
1,0.19846203,0.34244597,5.63523056
0,0.25248357,0.40554335,6.54908997
1,0.22577887,0.35187916,5.48638756
1,0.11618244,0.17813032,9.89148119
0,0.22469467,0.33554182,5.61926986
0,0.28998023,0.44670157,6.30300335
1,0.25651806,0.39281448,5.98705898
0,0.27588509,0.39881745,5.60086414
0,0.26733712,0.44220859,6.59742664
1,0.28930652,0.46420976,6.72916434
0,0.30598186,0.42949213,6.37652609
1,0.2777377,0.41832086,5.46945936
0,0.29532555,0.43952925,6.72903414
0,0.25046625,0.38538039,5.86350539
1,0.19177465,0.37256542,6.7398309
0,0.25792263,0.41171373,7.18200592
0,0.2996577,0.45992387,6.32607202
0,0.22520969,0.37837941,6.85184428
1,0.2626325,0.37443756,5.36337517
1,0.24982303,0.35969466,5.68315943
1,0.23487189,0.43540159,6.68671862
0,0.2868129,0.46181791,5.96542292
1,0.18923346,0.30861404,6.05065847
0,0.26902954,0.38899494,5.85835056
1,0.27845999,0.36991052,5.15814359
0,0.27652652,0.46901081,6.55649493
0,0.19252441,0.28706301,6.01782696
0,0.29079862,0.47351784,6.49581747
0,0.30482665,0.44605501,6.6758367
1,0.27132504,0.42140216,5.79738743
1,0.29652865,0.43031593,5.66986362
1,0.23491555,0.37637517,5.867477
1,0.22140188,0.33112187,5.34668388
0,0.2725215,0.40933228,6.22898511
1,0.30147527,0.48092722,6.3912688
0,0.26880484,0.41029893,5.97873448
0,0.25344929,0.38986611,5.93780955
1,0.26695059,0.37984496,5.34913906
0,0.26454477,0.40403805,5.73612503
1,0.21584134,0.35253441,5.98084265
0,0.31670547,0.46066036,6.02218143
0,0.27220351,0.41993224,6.39844132
1,0.25084126,0.37993794,5.69264973
0,0.31911244,0.48589505,6.45069013
0,0.28209545,0.45498773,6.24370506
1,0.25568282,0.44274595,6.02685727
1,0.30766305,0.49183148,6.50548787
0,0.24707372,0.40348599,6.19770674
0,0.27933079,0.44048771,6.79225836
0,0.29727058,0.45436018,6.30571444
1,0.23390812,0.43382188,6.69284129
1,0.21693129,0.35456654,5.76895261
0,0.29317544,0.4406577,6.50069126
0,0.21846662,0.32705218,5.35813077
1,0.29354566,0.45167873,6.02111329
0,0.2107209,0.34696225,5.91192242
0,0.31746244,0.4468433,6.33144464
0,0.20996882,0.4152989,6.11461357
1,0.22815793,0.35370885,5.70986517
1,0.26370919,0.40325948,5.61650949
1,0.24032555,0.37662133,6.57279072
0,0.30508392,0.46632278,6.07309738
0,0.28367221,0.42852409,6.54391501
0,0.2300838,0.3188729,5.45407997
1,0.27625665,0.43567353,6.24187808
1,0.26250824,0.36796947,5.21413398
0,0.29784935,0.449299,6.46456031
1,0.30829741,0.45546687,5.84108523
0,0.29911516,0.48981884,6.9029704
1,0.22986728,0.37053013,5.62602429
1,0.25093112,0.35401298,5.60428848
0,0.28995762,0.46607899,6.41983696
0,0.28702474,0.42050287,6.11390243
0,0.31905053,0.47962241,6.50943304
0,0.26747596,0.43129762,5.977679
0,0.32713917,0.48340857,6.3621011
1,0.27440761,0.44903849,5.93530632
0,0.22545575,0.36939894,5.93345875
0,0.16189474,0.24132885,5.64175014
0,0.2793493,0.44212193,5.39591416
0,0.32153599,0.46851277,6.23693185
1,0.25322351,0.39835604,5.78590699
1,0.1911118,0.36228815,6.03609599
0,0.31681405,0.42144618,8.36945916
0,0.27209362,0.399723,5.41530375
1,0.27525802,0.46723088,6.37511993
1,0.23074813,0.36266949,5.4610795
0,0.27188554,0.41624966,7.06589776
0,0.23039885,0.39986575,6.43920197
1,0.28643428,0.41685962,5.84916437
1,0.22593315,0.35379257,5.85948526
0,0.34338648,0.45867566,6.51843977
1,0.15857473,0.32626523,8.02720864
1,0.27944077,0.39433965,5.72818702
0,0.22136303,0.38935582,6.67100889
0,0.28084965,0.43542696,6.36802603
1,0.25116547,0.36093553,5.42451314
1,0.28295952,0.48107898,6.56356461
